INSERT INTO PARAM_SOURCE_SYSTEM_T (SEQ_NO_PARAMSRC, SEQ_NO_PARAM, SEQ_NO_SRCSYS, VALID_FROM, VALID_TO, USERID) VALUES ('5000002', '21', '1', TO_DATE('2013-01-01 00:00:00', 'YYYY-MM-DD HH24:MI:SS'), TO_DATE('2015-02-09 00:00:00', 'YYYY-MM-DD HH24:MI:SS'), 'test');
Insert into PA_MATCHING_LEVEL_T (SEQ_NO_ML,SEQ_NO_PARAMSRC,SEQ_NO_MF,OPTION_NO,OPTION_EXISTS,OPTION_EXACT_MATCH,OPTION_NUMERIC_MATCH,OPTION_DEVIATION_PERCENT,OPTION_DEVIATION_DECIMAL,WARNING_DEVIATION,ERROR_DEVIATION,USERID,DELETE_DATE) values (5000200,5000002,1085,'Y','N','N','N','N','N',0,0,'test',null);
INSERT INTO PARAM_SOURCE_SYSTEM_T (SEQ_NO_PARAMSRC, SEQ_NO_PARAM, SEQ_NO_SRCSYS, VALID_FROM, USERID) VALUES ('5000001', '21', '6', TO_DATE('2015-02-10 00:00:00', 'YYYY-MM-DD HH24:MI:SS'), 'test');
Insert into PA_MATCHING_LEVEL_T (SEQ_NO_ML,SEQ_NO_PARAMSRC,SEQ_NO_MF,OPTION_NO,OPTION_EXISTS,OPTION_EXACT_MATCH,OPTION_NUMERIC_MATCH,OPTION_DEVIATION_PERCENT,OPTION_DEVIATION_DECIMAL,WARNING_DEVIATION,ERROR_DEVIATION,USERID,DELETE_DATE) values (5000100,5000001,1085,'Y','N','N','N','N','N',null,null,'test',null);
Insert into PA_MATCHING_LEVEL_T (SEQ_NO_ML,SEQ_NO_PARAMSRC,SEQ_NO_MF,OPTION_NO,OPTION_EXISTS,OPTION_EXACT_MATCH,OPTION_NUMERIC_MATCH,OPTION_DEVIATION_PERCENT,OPTION_DEVIATION_DECIMAL,WARNING_DEVIATION,ERROR_DEVIATION,USERID,DELETE_DATE) values (5000101,5000001,1088,'Y','N','N','N','N','N',null,null,'test',null);
Insert into PA_MATCHING_LEVEL_T (SEQ_NO_ML,SEQ_NO_PARAMSRC,SEQ_NO_MF,OPTION_NO,OPTION_EXISTS,OPTION_EXACT_MATCH,OPTION_NUMERIC_MATCH,OPTION_DEVIATION_PERCENT,OPTION_DEVIATION_DECIMAL,WARNING_DEVIATION,ERROR_DEVIATION,USERID,DELETE_DATE) values (5000102,5000001,1091,'Y','N','N','N','N','N',null,null,'test',null);
Insert into PA_MATCHING_LEVEL_T (SEQ_NO_ML,SEQ_NO_PARAMSRC,SEQ_NO_MF,OPTION_NO,OPTION_EXISTS,OPTION_EXACT_MATCH,OPTION_NUMERIC_MATCH,OPTION_DEVIATION_PERCENT,OPTION_DEVIATION_DECIMAL,WARNING_DEVIATION,ERROR_DEVIATION,USERID,DELETE_DATE) values (5000103,5000001,1013,'Y','N','N','N','N','N',null,null,'test',null);
Insert into PA_MATCHING_LEVEL_T (SEQ_NO_ML,SEQ_NO_PARAMSRC,SEQ_NO_MF,OPTION_NO,OPTION_EXISTS,OPTION_EXACT_MATCH,OPTION_NUMERIC_MATCH,OPTION_DEVIATION_PERCENT,OPTION_DEVIATION_DECIMAL,WARNING_DEVIATION,ERROR_DEVIATION,USERID,DELETE_DATE) values (5000104,5000001,1002,'Y','N','N','N','N','N',null,null,'test',null);
Insert into PA_MATCHING_LEVEL_T (SEQ_NO_ML,SEQ_NO_PARAMSRC,SEQ_NO_MF,OPTION_NO,OPTION_EXISTS,OPTION_EXACT_MATCH,OPTION_NUMERIC_MATCH,OPTION_DEVIATION_PERCENT,OPTION_DEVIATION_DECIMAL,WARNING_DEVIATION,ERROR_DEVIATION,USERID,DELETE_DATE) values (5000105,5000001,1014,'Y','N','N','N','N','N',null,null,'test',null);
Insert into PA_MATCHING_LEVEL_T (SEQ_NO_ML,SEQ_NO_PARAMSRC,SEQ_NO_MF,OPTION_NO,OPTION_EXISTS,OPTION_EXACT_MATCH,OPTION_NUMERIC_MATCH,OPTION_DEVIATION_PERCENT,OPTION_DEVIATION_DECIMAL,WARNING_DEVIATION,ERROR_DEVIATION,USERID,DELETE_DATE) values (5000106,5000001,1015,'Y','N','N','N','N','N',null,null,'test',null);
Insert into PA_MATCHING_LEVEL_T (SEQ_NO_ML,SEQ_NO_PARAMSRC,SEQ_NO_MF,OPTION_NO,OPTION_EXISTS,OPTION_EXACT_MATCH,OPTION_NUMERIC_MATCH,OPTION_DEVIATION_PERCENT,OPTION_DEVIATION_DECIMAL,WARNING_DEVIATION,ERROR_DEVIATION,USERID,DELETE_DATE) values (5000107,5000001,1016,'Y','N','N','N','N','N',null,null,'test',null);
Insert into PA_MATCHING_LEVEL_T (SEQ_NO_ML,SEQ_NO_PARAMSRC,SEQ_NO_MF,OPTION_NO,OPTION_EXISTS,OPTION_EXACT_MATCH,OPTION_NUMERIC_MATCH,OPTION_DEVIATION_PERCENT,OPTION_DEVIATION_DECIMAL,WARNING_DEVIATION,ERROR_DEVIATION,USERID,DELETE_DATE) values (5000108,5000001,1017,'Y','N','N','N','N','N',null,null,'test',null);
Insert into PA_MATCHING_LEVEL_T (SEQ_NO_ML,SEQ_NO_PARAMSRC,SEQ_NO_MF,OPTION_NO,OPTION_EXISTS,OPTION_EXACT_MATCH,OPTION_NUMERIC_MATCH,OPTION_DEVIATION_PERCENT,OPTION_DEVIATION_DECIMAL,WARNING_DEVIATION,ERROR_DEVIATION,USERID,DELETE_DATE) values (5000109,5000001,1021,'Y','N','N','N','N','N',null,null,'test',null);
Insert into PA_MATCHING_LEVEL_T (SEQ_NO_ML,SEQ_NO_PARAMSRC,SEQ_NO_MF,OPTION_NO,OPTION_EXISTS,OPTION_EXACT_MATCH,OPTION_NUMERIC_MATCH,OPTION_DEVIATION_PERCENT,OPTION_DEVIATION_DECIMAL,WARNING_DEVIATION,ERROR_DEVIATION,USERID,DELETE_DATE) values (5000110,5000001,1022,'Y','N','N','N','N','N',null,null,'test',null);
Insert into PA_MATCHING_LEVEL_T (SEQ_NO_ML,SEQ_NO_PARAMSRC,SEQ_NO_MF,OPTION_NO,OPTION_EXISTS,OPTION_EXACT_MATCH,OPTION_NUMERIC_MATCH,OPTION_DEVIATION_PERCENT,OPTION_DEVIATION_DECIMAL,WARNING_DEVIATION,ERROR_DEVIATION,USERID,DELETE_DATE) values (5000111,5000001,1023,'Y','N','N','N','N','N',null,null,'test',null);
Insert into PA_MATCHING_LEVEL_T (SEQ_NO_ML,SEQ_NO_PARAMSRC,SEQ_NO_MF,OPTION_NO,OPTION_EXISTS,OPTION_EXACT_MATCH,OPTION_NUMERIC_MATCH,OPTION_DEVIATION_PERCENT,OPTION_DEVIATION_DECIMAL,WARNING_DEVIATION,ERROR_DEVIATION,USERID,DELETE_DATE) values (5000112,5000001,1024,'Y','N','N','N','N','N',null,null,'test',null);
Insert into PA_MATCHING_LEVEL_T (SEQ_NO_ML,SEQ_NO_PARAMSRC,SEQ_NO_MF,OPTION_NO,OPTION_EXISTS,OPTION_EXACT_MATCH,OPTION_NUMERIC_MATCH,OPTION_DEVIATION_PERCENT,OPTION_DEVIATION_DECIMAL,WARNING_DEVIATION,ERROR_DEVIATION,USERID,DELETE_DATE) values (5000113,5000001,1025,'Y','N','N','N','N','N',null,null,'test',null);
Insert into PA_MATCHING_LEVEL_T (SEQ_NO_ML,SEQ_NO_PARAMSRC,SEQ_NO_MF,OPTION_NO,OPTION_EXISTS,OPTION_EXACT_MATCH,OPTION_NUMERIC_MATCH,OPTION_DEVIATION_PERCENT,OPTION_DEVIATION_DECIMAL,WARNING_DEVIATION,ERROR_DEVIATION,USERID,DELETE_DATE) values (5000114,5000001,1026,'Y','N','N','N','N','N',null,null,'test',null);
Insert into PA_MATCHING_LEVEL_T (SEQ_NO_ML,SEQ_NO_PARAMSRC,SEQ_NO_MF,OPTION_NO,OPTION_EXISTS,OPTION_EXACT_MATCH,OPTION_NUMERIC_MATCH,OPTION_DEVIATION_PERCENT,OPTION_DEVIATION_DECIMAL,WARNING_DEVIATION,ERROR_DEVIATION,USERID,DELETE_DATE) values (5000115,5000001,1027,'Y','N','N','N','N','N',null,null,'test',null);
Insert into PA_MATCHING_LEVEL_T (SEQ_NO_ML,SEQ_NO_PARAMSRC,SEQ_NO_MF,OPTION_NO,OPTION_EXISTS,OPTION_EXACT_MATCH,OPTION_NUMERIC_MATCH,OPTION_DEVIATION_PERCENT,OPTION_DEVIATION_DECIMAL,WARNING_DEVIATION,ERROR_DEVIATION,USERID,DELETE_DATE) values (5000116,5000001,1028,'Y','N','N','N','N','N',null,null,'test',null);
Insert into PA_MATCHING_LEVEL_T (SEQ_NO_ML,SEQ_NO_PARAMSRC,SEQ_NO_MF,OPTION_NO,OPTION_EXISTS,OPTION_EXACT_MATCH,OPTION_NUMERIC_MATCH,OPTION_DEVIATION_PERCENT,OPTION_DEVIATION_DECIMAL,WARNING_DEVIATION,ERROR_DEVIATION,USERID,DELETE_DATE) values (5000117,5000001,1029,'Y','N','N','N','N','N',null,null,'test',null);
Insert into PA_MATCHING_LEVEL_T (SEQ_NO_ML,SEQ_NO_PARAMSRC,SEQ_NO_MF,OPTION_NO,OPTION_EXISTS,OPTION_EXACT_MATCH,OPTION_NUMERIC_MATCH,OPTION_DEVIATION_PERCENT,OPTION_DEVIATION_DECIMAL,WARNING_DEVIATION,ERROR_DEVIATION,USERID,DELETE_DATE) values (5000118,5000001,1030,'Y','N','N','N','N','N',null,null,'test',null);
Insert into PA_MATCHING_LEVEL_T (SEQ_NO_ML,SEQ_NO_PARAMSRC,SEQ_NO_MF,OPTION_NO,OPTION_EXISTS,OPTION_EXACT_MATCH,OPTION_NUMERIC_MATCH,OPTION_DEVIATION_PERCENT,OPTION_DEVIATION_DECIMAL,WARNING_DEVIATION,ERROR_DEVIATION,USERID,DELETE_DATE) values (5000119,5000001,1031,'Y','N','N','N','N','N',null,null,'test',null);
Insert into PA_MATCHING_LEVEL_T (SEQ_NO_ML,SEQ_NO_PARAMSRC,SEQ_NO_MF,OPTION_NO,OPTION_EXISTS,OPTION_EXACT_MATCH,OPTION_NUMERIC_MATCH,OPTION_DEVIATION_PERCENT,OPTION_DEVIATION_DECIMAL,WARNING_DEVIATION,ERROR_DEVIATION,USERID,DELETE_DATE) values (5000120,5000001,1032,'Y','N','N','N','N','N',null,null,'test',null);
Insert into PA_MATCHING_LEVEL_T (SEQ_NO_ML,SEQ_NO_PARAMSRC,SEQ_NO_MF,OPTION_NO,OPTION_EXISTS,OPTION_EXACT_MATCH,OPTION_NUMERIC_MATCH,OPTION_DEVIATION_PERCENT,OPTION_DEVIATION_DECIMAL,WARNING_DEVIATION,ERROR_DEVIATION,USERID,DELETE_DATE) values (5000121,5000001,1033,'Y','N','N','N','N','N',null,null,'test',null);
Insert into PA_MATCHING_LEVEL_T (SEQ_NO_ML,SEQ_NO_PARAMSRC,SEQ_NO_MF,OPTION_NO,OPTION_EXISTS,OPTION_EXACT_MATCH,OPTION_NUMERIC_MATCH,OPTION_DEVIATION_PERCENT,OPTION_DEVIATION_DECIMAL,WARNING_DEVIATION,ERROR_DEVIATION,USERID,DELETE_DATE) values (5000122,5000001,1034,'Y','N','N','N','N','N',null,null,'test',null);
Insert into PA_MATCHING_LEVEL_T (SEQ_NO_ML,SEQ_NO_PARAMSRC,SEQ_NO_MF,OPTION_NO,OPTION_EXISTS,OPTION_EXACT_MATCH,OPTION_NUMERIC_MATCH,OPTION_DEVIATION_PERCENT,OPTION_DEVIATION_DECIMAL,WARNING_DEVIATION,ERROR_DEVIATION,USERID,DELETE_DATE) values (5000123,5000001,1035,'Y','N','N','N','N','N',null,null,'test',null);
Insert into PA_MATCHING_LEVEL_T (SEQ_NO_ML,SEQ_NO_PARAMSRC,SEQ_NO_MF,OPTION_NO,OPTION_EXISTS,OPTION_EXACT_MATCH,OPTION_NUMERIC_MATCH,OPTION_DEVIATION_PERCENT,OPTION_DEVIATION_DECIMAL,WARNING_DEVIATION,ERROR_DEVIATION,USERID,DELETE_DATE) values (5000124,5000001,1036,'Y','N','N','N','N','N',null,null,'test',null);
Insert into PA_MATCHING_LEVEL_T (SEQ_NO_ML,SEQ_NO_PARAMSRC,SEQ_NO_MF,OPTION_NO,OPTION_EXISTS,OPTION_EXACT_MATCH,OPTION_NUMERIC_MATCH,OPTION_DEVIATION_PERCENT,OPTION_DEVIATION_DECIMAL,WARNING_DEVIATION,ERROR_DEVIATION,USERID,DELETE_DATE) values (5000125,5000001,1037,'Y','N','N','N','N','N',null,null,'test',null);
Insert into PA_MATCHING_LEVEL_T (SEQ_NO_ML,SEQ_NO_PARAMSRC,SEQ_NO_MF,OPTION_NO,OPTION_EXISTS,OPTION_EXACT_MATCH,OPTION_NUMERIC_MATCH,OPTION_DEVIATION_PERCENT,OPTION_DEVIATION_DECIMAL,WARNING_DEVIATION,ERROR_DEVIATION,USERID,DELETE_DATE) values (5000126,5000001,1041,'Y','N','N','N','N','N',null,null,'test',null);
Insert into PA_MATCHING_LEVEL_T (SEQ_NO_ML,SEQ_NO_PARAMSRC,SEQ_NO_MF,OPTION_NO,OPTION_EXISTS,OPTION_EXACT_MATCH,OPTION_NUMERIC_MATCH,OPTION_DEVIATION_PERCENT,OPTION_DEVIATION_DECIMAL,WARNING_DEVIATION,ERROR_DEVIATION,USERID,DELETE_DATE) values (5000127,5000001,1042,'Y','N','N','N','N','N',null,null,'test',null);
Insert into PA_MATCHING_LEVEL_T (SEQ_NO_ML,SEQ_NO_PARAMSRC,SEQ_NO_MF,OPTION_NO,OPTION_EXISTS,OPTION_EXACT_MATCH,OPTION_NUMERIC_MATCH,OPTION_DEVIATION_PERCENT,OPTION_DEVIATION_DECIMAL,WARNING_DEVIATION,ERROR_DEVIATION,USERID,DELETE_DATE) values (5000128,5000001,1043,'Y','N','N','N','N','N',null,null,'test',null);
Insert into PA_MATCHING_LEVEL_T (SEQ_NO_ML,SEQ_NO_PARAMSRC,SEQ_NO_MF,OPTION_NO,OPTION_EXISTS,OPTION_EXACT_MATCH,OPTION_NUMERIC_MATCH,OPTION_DEVIATION_PERCENT,OPTION_DEVIATION_DECIMAL,WARNING_DEVIATION,ERROR_DEVIATION,USERID,DELETE_DATE) values (5000129,5000001,1044,'Y','N','N','N','N','N',null,null,'test',null);
Insert into PA_MATCHING_LEVEL_T (SEQ_NO_ML,SEQ_NO_PARAMSRC,SEQ_NO_MF,OPTION_NO,OPTION_EXISTS,OPTION_EXACT_MATCH,OPTION_NUMERIC_MATCH,OPTION_DEVIATION_PERCENT,OPTION_DEVIATION_DECIMAL,WARNING_DEVIATION,ERROR_DEVIATION,USERID,DELETE_DATE) values (5000130,5000001,1045,'Y','N','N','N','N','N',null,null,'test',null);
Insert into PA_MATCHING_LEVEL_T (SEQ_NO_ML,SEQ_NO_PARAMSRC,SEQ_NO_MF,OPTION_NO,OPTION_EXISTS,OPTION_EXACT_MATCH,OPTION_NUMERIC_MATCH,OPTION_DEVIATION_PERCENT,OPTION_DEVIATION_DECIMAL,WARNING_DEVIATION,ERROR_DEVIATION,USERID,DELETE_DATE) values (5000131,5000001,1046,'Y','N','N','N','N','N',null,null,'test',null);
Insert into PA_MATCHING_LEVEL_T (SEQ_NO_ML,SEQ_NO_PARAMSRC,SEQ_NO_MF,OPTION_NO,OPTION_EXISTS,OPTION_EXACT_MATCH,OPTION_NUMERIC_MATCH,OPTION_DEVIATION_PERCENT,OPTION_DEVIATION_DECIMAL,WARNING_DEVIATION,ERROR_DEVIATION,USERID,DELETE_DATE) values (5000132,5000001,1047,'Y','N','N','N','N','N',null,null,'test',null);
Insert into PA_MATCHING_LEVEL_T (SEQ_NO_ML,SEQ_NO_PARAMSRC,SEQ_NO_MF,OPTION_NO,OPTION_EXISTS,OPTION_EXACT_MATCH,OPTION_NUMERIC_MATCH,OPTION_DEVIATION_PERCENT,OPTION_DEVIATION_DECIMAL,WARNING_DEVIATION,ERROR_DEVIATION,USERID,DELETE_DATE) values (5000133,5000001,1048,'Y','N','N','N','N','N',null,null,'test',null);
Insert into PA_MATCHING_LEVEL_T (SEQ_NO_ML,SEQ_NO_PARAMSRC,SEQ_NO_MF,OPTION_NO,OPTION_EXISTS,OPTION_EXACT_MATCH,OPTION_NUMERIC_MATCH,OPTION_DEVIATION_PERCENT,OPTION_DEVIATION_DECIMAL,WARNING_DEVIATION,ERROR_DEVIATION,USERID,DELETE_DATE) values (5000134,5000001,1049,'Y','N','N','N','N','N',null,null,'test',null);
Insert into PA_MATCHING_LEVEL_T (SEQ_NO_ML,SEQ_NO_PARAMSRC,SEQ_NO_MF,OPTION_NO,OPTION_EXISTS,OPTION_EXACT_MATCH,OPTION_NUMERIC_MATCH,OPTION_DEVIATION_PERCENT,OPTION_DEVIATION_DECIMAL,WARNING_DEVIATION,ERROR_DEVIATION,USERID,DELETE_DATE) values (5000135,5000001,1050,'Y','N','N','N','N','N',null,null,'test',null);
Insert into PA_MATCHING_LEVEL_T (SEQ_NO_ML,SEQ_NO_PARAMSRC,SEQ_NO_MF,OPTION_NO,OPTION_EXISTS,OPTION_EXACT_MATCH,OPTION_NUMERIC_MATCH,OPTION_DEVIATION_PERCENT,OPTION_DEVIATION_DECIMAL,WARNING_DEVIATION,ERROR_DEVIATION,USERID,DELETE_DATE) values (5000136,5000001,1051,'Y','N','N','N','N','N',null,null,'test',null);
Insert into PA_MATCHING_LEVEL_T (SEQ_NO_ML,SEQ_NO_PARAMSRC,SEQ_NO_MF,OPTION_NO,OPTION_EXISTS,OPTION_EXACT_MATCH,OPTION_NUMERIC_MATCH,OPTION_DEVIATION_PERCENT,OPTION_DEVIATION_DECIMAL,WARNING_DEVIATION,ERROR_DEVIATION,USERID,DELETE_DATE) values (5000137,5000001,1052,'Y','N','N','N','N','N',null,null,'test',null);
Insert into PA_MATCHING_LEVEL_T (SEQ_NO_ML,SEQ_NO_PARAMSRC,SEQ_NO_MF,OPTION_NO,OPTION_EXISTS,OPTION_EXACT_MATCH,OPTION_NUMERIC_MATCH,OPTION_DEVIATION_PERCENT,OPTION_DEVIATION_DECIMAL,WARNING_DEVIATION,ERROR_DEVIATION,USERID,DELETE_DATE) values (5000138,5000001,1053,'Y','N','N','N','N','N',null,null,'test',null);
Insert into PA_MATCHING_LEVEL_T (SEQ_NO_ML,SEQ_NO_PARAMSRC,SEQ_NO_MF,OPTION_NO,OPTION_EXISTS,OPTION_EXACT_MATCH,OPTION_NUMERIC_MATCH,OPTION_DEVIATION_PERCENT,OPTION_DEVIATION_DECIMAL,WARNING_DEVIATION,ERROR_DEVIATION,USERID,DELETE_DATE) values (5000139,5000001,1054,'Y','N','N','N','N','N',null,null,'test',null);
Insert into PA_MATCHING_LEVEL_T (SEQ_NO_ML,SEQ_NO_PARAMSRC,SEQ_NO_MF,OPTION_NO,OPTION_EXISTS,OPTION_EXACT_MATCH,OPTION_NUMERIC_MATCH,OPTION_DEVIATION_PERCENT,OPTION_DEVIATION_DECIMAL,WARNING_DEVIATION,ERROR_DEVIATION,USERID,DELETE_DATE) values (5000140,5000001,1055,'Y','N','N','N','N','N',null,null,'test',null);
Insert into PA_MATCHING_LEVEL_T (SEQ_NO_ML,SEQ_NO_PARAMSRC,SEQ_NO_MF,OPTION_NO,OPTION_EXISTS,OPTION_EXACT_MATCH,OPTION_NUMERIC_MATCH,OPTION_DEVIATION_PERCENT,OPTION_DEVIATION_DECIMAL,WARNING_DEVIATION,ERROR_DEVIATION,USERID,DELETE_DATE) values (5000141,5000001,1056,'Y','N','N','N','N','N',null,null,'test',null);
Insert into PA_MATCHING_LEVEL_T (SEQ_NO_ML,SEQ_NO_PARAMSRC,SEQ_NO_MF,OPTION_NO,OPTION_EXISTS,OPTION_EXACT_MATCH,OPTION_NUMERIC_MATCH,OPTION_DEVIATION_PERCENT,OPTION_DEVIATION_DECIMAL,WARNING_DEVIATION,ERROR_DEVIATION,USERID,DELETE_DATE) values (5000142,5000001,1057,'Y','N','N','N','N','N',null,null,'test',null);
Insert into PA_MATCHING_LEVEL_T (SEQ_NO_ML,SEQ_NO_PARAMSRC,SEQ_NO_MF,OPTION_NO,OPTION_EXISTS,OPTION_EXACT_MATCH,OPTION_NUMERIC_MATCH,OPTION_DEVIATION_PERCENT,OPTION_DEVIATION_DECIMAL,WARNING_DEVIATION,ERROR_DEVIATION,USERID,DELETE_DATE) values (5000143,5000001,1058,'Y','N','N','N','N','N',null,null,'test',null);
Insert into PA_MATCHING_LEVEL_T (SEQ_NO_ML,SEQ_NO_PARAMSRC,SEQ_NO_MF,OPTION_NO,OPTION_EXISTS,OPTION_EXACT_MATCH,OPTION_NUMERIC_MATCH,OPTION_DEVIATION_PERCENT,OPTION_DEVIATION_DECIMAL,WARNING_DEVIATION,ERROR_DEVIATION,USERID,DELETE_DATE) values (5000144,5000001,1059,'Y','N','N','N','N','N',null,null,'test',null);
Insert into PA_MATCHING_LEVEL_T (SEQ_NO_ML,SEQ_NO_PARAMSRC,SEQ_NO_MF,OPTION_NO,OPTION_EXISTS,OPTION_EXACT_MATCH,OPTION_NUMERIC_MATCH,OPTION_DEVIATION_PERCENT,OPTION_DEVIATION_DECIMAL,WARNING_DEVIATION,ERROR_DEVIATION,USERID,DELETE_DATE) values (5000145,5000001,1060,'Y','N','N','N','N','N',null,null,'test',null);
Insert into PA_MATCHING_LEVEL_T (SEQ_NO_ML,SEQ_NO_PARAMSRC,SEQ_NO_MF,OPTION_NO,OPTION_EXISTS,OPTION_EXACT_MATCH,OPTION_NUMERIC_MATCH,OPTION_DEVIATION_PERCENT,OPTION_DEVIATION_DECIMAL,WARNING_DEVIATION,ERROR_DEVIATION,USERID,DELETE_DATE) values (5000146,5000001,1061,'Y','N','N','N','N','N',null,null,'test',null);
Insert into PA_MATCHING_LEVEL_T (SEQ_NO_ML,SEQ_NO_PARAMSRC,SEQ_NO_MF,OPTION_NO,OPTION_EXISTS,OPTION_EXACT_MATCH,OPTION_NUMERIC_MATCH,OPTION_DEVIATION_PERCENT,OPTION_DEVIATION_DECIMAL,WARNING_DEVIATION,ERROR_DEVIATION,USERID,DELETE_DATE) values (5000147,5000001,1062,'N','N','N','N','N','Y','0.1','1','test',null);
Insert into PA_MATCHING_LEVEL_T (SEQ_NO_ML,SEQ_NO_PARAMSRC,SEQ_NO_MF,OPTION_NO,OPTION_EXISTS,OPTION_EXACT_MATCH,OPTION_NUMERIC_MATCH,OPTION_DEVIATION_PERCENT,OPTION_DEVIATION_DECIMAL,WARNING_DEVIATION,ERROR_DEVIATION,USERID,DELETE_DATE) values (5000148,5000001,1063,'Y','N','N','N','N','N',null,null,'test',null);
Insert into PA_MATCHING_LEVEL_T (SEQ_NO_ML,SEQ_NO_PARAMSRC,SEQ_NO_MF,OPTION_NO,OPTION_EXISTS,OPTION_EXACT_MATCH,OPTION_NUMERIC_MATCH,OPTION_DEVIATION_PERCENT,OPTION_DEVIATION_DECIMAL,WARNING_DEVIATION,ERROR_DEVIATION,USERID,DELETE_DATE) values (5000149,5000001,1064,'N','N','N','N','N','Y','0.1',null,'test',null);
Insert into PA_MATCHING_LEVEL_T (SEQ_NO_ML,SEQ_NO_PARAMSRC,SEQ_NO_MF,OPTION_NO,OPTION_EXISTS,OPTION_EXACT_MATCH,OPTION_NUMERIC_MATCH,OPTION_DEVIATION_PERCENT,OPTION_DEVIATION_DECIMAL,WARNING_DEVIATION,ERROR_DEVIATION,USERID,DELETE_DATE) values (5000150,5000001,1065,'Y','N','N','N','N','N',null,null,'test',null);
Insert into PA_MATCHING_LEVEL_T (SEQ_NO_ML,SEQ_NO_PARAMSRC,SEQ_NO_MF,OPTION_NO,OPTION_EXISTS,OPTION_EXACT_MATCH,OPTION_NUMERIC_MATCH,OPTION_DEVIATION_PERCENT,OPTION_DEVIATION_DECIMAL,WARNING_DEVIATION,ERROR_DEVIATION,USERID,DELETE_DATE) values (5000151,5000001,1066,'Y','N','N','N','N','N',null,null,'test',null);
Insert into PA_MATCHING_LEVEL_T (SEQ_NO_ML,SEQ_NO_PARAMSRC,SEQ_NO_MF,OPTION_NO,OPTION_EXISTS,OPTION_EXACT_MATCH,OPTION_NUMERIC_MATCH,OPTION_DEVIATION_PERCENT,OPTION_DEVIATION_DECIMAL,WARNING_DEVIATION,ERROR_DEVIATION,USERID,DELETE_DATE) values (5000152,5000001,1067,'Y','N','N','N','N','N',null,null,'test',null);
Insert into PA_MATCHING_LEVEL_T (SEQ_NO_ML,SEQ_NO_PARAMSRC,SEQ_NO_MF,OPTION_NO,OPTION_EXISTS,OPTION_EXACT_MATCH,OPTION_NUMERIC_MATCH,OPTION_DEVIATION_PERCENT,OPTION_DEVIATION_DECIMAL,WARNING_DEVIATION,ERROR_DEVIATION,USERID,DELETE_DATE) values (5000153,5000001,1068,'Y','N','N','N','N','N',null,null,'test',null);
Insert into PA_MATCHING_LEVEL_T (SEQ_NO_ML,SEQ_NO_PARAMSRC,SEQ_NO_MF,OPTION_NO,OPTION_EXISTS,OPTION_EXACT_MATCH,OPTION_NUMERIC_MATCH,OPTION_DEVIATION_PERCENT,OPTION_DEVIATION_DECIMAL,WARNING_DEVIATION,ERROR_DEVIATION,USERID,DELETE_DATE) values (5000154,5000001,1069,'Y','N','N','N','N','N',null,null,'test',null);
Insert into PA_MATCHING_LEVEL_T (SEQ_NO_ML,SEQ_NO_PARAMSRC,SEQ_NO_MF,OPTION_NO,OPTION_EXISTS,OPTION_EXACT_MATCH,OPTION_NUMERIC_MATCH,OPTION_DEVIATION_PERCENT,OPTION_DEVIATION_DECIMAL,WARNING_DEVIATION,ERROR_DEVIATION,USERID,DELETE_DATE) values (5000155,5000001,1070,'N','N','N','N','N','Y',null,'1','test',null);
Insert into PA_MATCHING_LEVEL_T (SEQ_NO_ML,SEQ_NO_PARAMSRC,SEQ_NO_MF,OPTION_NO,OPTION_EXISTS,OPTION_EXACT_MATCH,OPTION_NUMERIC_MATCH,OPTION_DEVIATION_PERCENT,OPTION_DEVIATION_DECIMAL,WARNING_DEVIATION,ERROR_DEVIATION,USERID,DELETE_DATE) values (5000156,5000001,1071,'Y','N','N','N','N','N',null,null,'test',null);
Insert into PA_MATCHING_LEVEL_T (SEQ_NO_ML,SEQ_NO_PARAMSRC,SEQ_NO_MF,OPTION_NO,OPTION_EXISTS,OPTION_EXACT_MATCH,OPTION_NUMERIC_MATCH,OPTION_DEVIATION_PERCENT,OPTION_DEVIATION_DECIMAL,WARNING_DEVIATION,ERROR_DEVIATION,USERID,DELETE_DATE) values (5000157,5000001,1072,'N','N','N','N','N','Y','0.1','1','test',null);
Insert into PA_MATCHING_LEVEL_T (SEQ_NO_ML,SEQ_NO_PARAMSRC,SEQ_NO_MF,OPTION_NO,OPTION_EXISTS,OPTION_EXACT_MATCH,OPTION_NUMERIC_MATCH,OPTION_DEVIATION_PERCENT,OPTION_DEVIATION_DECIMAL,WARNING_DEVIATION,ERROR_DEVIATION,USERID,DELETE_DATE) values (5000158,5000001,1073,'Y','N','N','N','N','N',null,null,'test',null);
Insert into PA_MATCHING_LEVEL_T (SEQ_NO_ML,SEQ_NO_PARAMSRC,SEQ_NO_MF,OPTION_NO,OPTION_EXISTS,OPTION_EXACT_MATCH,OPTION_NUMERIC_MATCH,OPTION_DEVIATION_PERCENT,OPTION_DEVIATION_DECIMAL,WARNING_DEVIATION,ERROR_DEVIATION,USERID,DELETE_DATE) values (5000159,5000001,1074,'Y','N','N','N','N','N',null,null,'test',null);
Insert into PA_MATCHING_LEVEL_T (SEQ_NO_ML,SEQ_NO_PARAMSRC,SEQ_NO_MF,OPTION_NO,OPTION_EXISTS,OPTION_EXACT_MATCH,OPTION_NUMERIC_MATCH,OPTION_DEVIATION_PERCENT,OPTION_DEVIATION_DECIMAL,WARNING_DEVIATION,ERROR_DEVIATION,USERID,DELETE_DATE) values (5000160,5000001,1075,'Y','N','N','N','N','N',null,null,'test',null);
Insert into PA_MATCHING_LEVEL_T (SEQ_NO_ML,SEQ_NO_PARAMSRC,SEQ_NO_MF,OPTION_NO,OPTION_EXISTS,OPTION_EXACT_MATCH,OPTION_NUMERIC_MATCH,OPTION_DEVIATION_PERCENT,OPTION_DEVIATION_DECIMAL,WARNING_DEVIATION,ERROR_DEVIATION,USERID,DELETE_DATE) values (5000161,5000001,1076,'Y','N','N','N','N','N',null,null,'test',null);
Insert into PA_MATCHING_LEVEL_T (SEQ_NO_ML,SEQ_NO_PARAMSRC,SEQ_NO_MF,OPTION_NO,OPTION_EXISTS,OPTION_EXACT_MATCH,OPTION_NUMERIC_MATCH,OPTION_DEVIATION_PERCENT,OPTION_DEVIATION_DECIMAL,WARNING_DEVIATION,ERROR_DEVIATION,USERID,DELETE_DATE) values (5000162,5000001,1077,'Y','N','N','N','N','N',null,null,'test',null);
Insert into PA_MATCHING_LEVEL_T (SEQ_NO_ML,SEQ_NO_PARAMSRC,SEQ_NO_MF,OPTION_NO,OPTION_EXISTS,OPTION_EXACT_MATCH,OPTION_NUMERIC_MATCH,OPTION_DEVIATION_PERCENT,OPTION_DEVIATION_DECIMAL,WARNING_DEVIATION,ERROR_DEVIATION,USERID,DELETE_DATE) values (5000163,5000001,1078,'Y','N','N','N','N','N',null,null,'test',null);
Insert into PA_MATCHING_LEVEL_T (SEQ_NO_ML,SEQ_NO_PARAMSRC,SEQ_NO_MF,OPTION_NO,OPTION_EXISTS,OPTION_EXACT_MATCH,OPTION_NUMERIC_MATCH,OPTION_DEVIATION_PERCENT,OPTION_DEVIATION_DECIMAL,WARNING_DEVIATION,ERROR_DEVIATION,USERID,DELETE_DATE) values (5000164,5000001,1079,'Y','N','N','N','N','N',null,null,'test',null);
Insert into PA_MATCHING_LEVEL_T (SEQ_NO_ML,SEQ_NO_PARAMSRC,SEQ_NO_MF,OPTION_NO,OPTION_EXISTS,OPTION_EXACT_MATCH,OPTION_NUMERIC_MATCH,OPTION_DEVIATION_PERCENT,OPTION_DEVIATION_DECIMAL,WARNING_DEVIATION,ERROR_DEVIATION,USERID,DELETE_DATE) values (5000165,5000001,1080,'Y','N','N','N','N','N',null,null,'test',null);
Insert into PA_MATCHING_LEVEL_T (SEQ_NO_ML,SEQ_NO_PARAMSRC,SEQ_NO_MF,OPTION_NO,OPTION_EXISTS,OPTION_EXACT_MATCH,OPTION_NUMERIC_MATCH,OPTION_DEVIATION_PERCENT,OPTION_DEVIATION_DECIMAL,WARNING_DEVIATION,ERROR_DEVIATION,USERID,DELETE_DATE) values (5000166,5000001,1081,'Y','N','N','N','N','N',null,null,'test',null);
Insert into PA_MATCHING_LEVEL_T (SEQ_NO_ML,SEQ_NO_PARAMSRC,SEQ_NO_MF,OPTION_NO,OPTION_EXISTS,OPTION_EXACT_MATCH,OPTION_NUMERIC_MATCH,OPTION_DEVIATION_PERCENT,OPTION_DEVIATION_DECIMAL,WARNING_DEVIATION,ERROR_DEVIATION,USERID,DELETE_DATE) values (5000167,5000001,1082,'Y','N','N','N','N','N',null,null,'test',null);
Insert into PA_MATCHING_LEVEL_T (SEQ_NO_ML,SEQ_NO_PARAMSRC,SEQ_NO_MF,OPTION_NO,OPTION_EXISTS,OPTION_EXACT_MATCH,OPTION_NUMERIC_MATCH,OPTION_DEVIATION_PERCENT,OPTION_DEVIATION_DECIMAL,WARNING_DEVIATION,ERROR_DEVIATION,USERID,DELETE_DATE) values (5000168,5000001,1083,'Y','N','N','N','N','N',null,null,'test',null);
Insert into PA_MATCHING_LEVEL_T (SEQ_NO_ML,SEQ_NO_PARAMSRC,SEQ_NO_MF,OPTION_NO,OPTION_EXISTS,OPTION_EXACT_MATCH,OPTION_NUMERIC_MATCH,OPTION_DEVIATION_PERCENT,OPTION_DEVIATION_DECIMAL,WARNING_DEVIATION,ERROR_DEVIATION,USERID,DELETE_DATE) values (5000169,5000001,1084,'Y','N','N','N','N','N',null,null,'test',null);
Insert into PA_MATCHING_LEVEL_T (SEQ_NO_ML,SEQ_NO_PARAMSRC,SEQ_NO_MF,OPTION_NO,OPTION_EXISTS,OPTION_EXACT_MATCH,OPTION_NUMERIC_MATCH,OPTION_DEVIATION_PERCENT,OPTION_DEVIATION_DECIMAL,WARNING_DEVIATION,ERROR_DEVIATION,USERID,DELETE_DATE) values (5000170,5000001,1086,'Y','N','N','N','N','N',null,null,'test',null);
Insert into PA_MATCHING_LEVEL_T (SEQ_NO_ML,SEQ_NO_PARAMSRC,SEQ_NO_MF,OPTION_NO,OPTION_EXISTS,OPTION_EXACT_MATCH,OPTION_NUMERIC_MATCH,OPTION_DEVIATION_PERCENT,OPTION_DEVIATION_DECIMAL,WARNING_DEVIATION,ERROR_DEVIATION,USERID,DELETE_DATE) values (5000171,5000001,1087,'N','N','N','N','N','Y','0.1','1','test',null);
Insert into PA_MATCHING_LEVEL_T (SEQ_NO_ML,SEQ_NO_PARAMSRC,SEQ_NO_MF,OPTION_NO,OPTION_EXISTS,OPTION_EXACT_MATCH,OPTION_NUMERIC_MATCH,OPTION_DEVIATION_PERCENT,OPTION_DEVIATION_DECIMAL,WARNING_DEVIATION,ERROR_DEVIATION,USERID,DELETE_DATE) values (5000172,5000001,1089,'Y','N','N','N','N','N',null,null,'test',null);
Insert into PA_MATCHING_LEVEL_T (SEQ_NO_ML,SEQ_NO_PARAMSRC,SEQ_NO_MF,OPTION_NO,OPTION_EXISTS,OPTION_EXACT_MATCH,OPTION_NUMERIC_MATCH,OPTION_DEVIATION_PERCENT,OPTION_DEVIATION_DECIMAL,WARNING_DEVIATION,ERROR_DEVIATION,USERID,DELETE_DATE) values (5000173,5000001,1090,'Y','N','N','N','N','N',null,null,'test',null);
Insert into PA_MATCHING_LEVEL_T (SEQ_NO_ML,SEQ_NO_PARAMSRC,SEQ_NO_MF,OPTION_NO,OPTION_EXISTS,OPTION_EXACT_MATCH,OPTION_NUMERIC_MATCH,OPTION_DEVIATION_PERCENT,OPTION_DEVIATION_DECIMAL,WARNING_DEVIATION,ERROR_DEVIATION,USERID,DELETE_DATE) values (5000174,5000001,1092,'Y','N','N','N','N','N',null,null,'test',null);
Insert into PA_MATCHING_LEVEL_T (SEQ_NO_ML,SEQ_NO_PARAMSRC,SEQ_NO_MF,OPTION_NO,OPTION_EXISTS,OPTION_EXACT_MATCH,OPTION_NUMERIC_MATCH,OPTION_DEVIATION_PERCENT,OPTION_DEVIATION_DECIMAL,WARNING_DEVIATION,ERROR_DEVIATION,USERID,DELETE_DATE) values (5000175,5000001,1093,'Y','N','N','N','N','N',null,null,'test',null);
Insert into PA_MATCHING_LEVEL_T (SEQ_NO_ML,SEQ_NO_PARAMSRC,SEQ_NO_MF,OPTION_NO,OPTION_EXISTS,OPTION_EXACT_MATCH,OPTION_NUMERIC_MATCH,OPTION_DEVIATION_PERCENT,OPTION_DEVIATION_DECIMAL,WARNING_DEVIATION,ERROR_DEVIATION,USERID,DELETE_DATE) values (5000176,5000001,1094,'Y','N','N','N','N','N',null,null,'test',null);
Insert into PA_MATCHING_LEVEL_T (SEQ_NO_ML,SEQ_NO_PARAMSRC,SEQ_NO_MF,OPTION_NO,OPTION_EXISTS,OPTION_EXACT_MATCH,OPTION_NUMERIC_MATCH,OPTION_DEVIATION_PERCENT,OPTION_DEVIATION_DECIMAL,WARNING_DEVIATION,ERROR_DEVIATION,USERID,DELETE_DATE) values (5000177,5000001,1095,'Y','N','N','N','N','N',null,null,'test',null);
Insert into PA_MATCHING_LEVEL_T (SEQ_NO_ML,SEQ_NO_PARAMSRC,SEQ_NO_MF,OPTION_NO,OPTION_EXISTS,OPTION_EXACT_MATCH,OPTION_NUMERIC_MATCH,OPTION_DEVIATION_PERCENT,OPTION_DEVIATION_DECIMAL,WARNING_DEVIATION,ERROR_DEVIATION,USERID,DELETE_DATE) values (5000178,5000001,1096,'Y','N','N','N','N','N',null,null,'test',null);
Insert into PA_MATCHING_LEVEL_T (SEQ_NO_ML,SEQ_NO_PARAMSRC,SEQ_NO_MF,OPTION_NO,OPTION_EXISTS,OPTION_EXACT_MATCH,OPTION_NUMERIC_MATCH,OPTION_DEVIATION_PERCENT,OPTION_DEVIATION_DECIMAL,WARNING_DEVIATION,ERROR_DEVIATION,USERID,DELETE_DATE) values (5000179,5000001,1097,'Y','N','N','N','N','N',null,null,'test',null);
Insert into PA_MATCHING_LEVEL_T (SEQ_NO_ML,SEQ_NO_PARAMSRC,SEQ_NO_MF,OPTION_NO,OPTION_EXISTS,OPTION_EXACT_MATCH,OPTION_NUMERIC_MATCH,OPTION_DEVIATION_PERCENT,OPTION_DEVIATION_DECIMAL,WARNING_DEVIATION,ERROR_DEVIATION,USERID,DELETE_DATE) values (5000180,5000001,1098,'Y','N','N','N','N','N',null,null,'test',null);
Insert into PA_MATCHING_LEVEL_T (SEQ_NO_ML,SEQ_NO_PARAMSRC,SEQ_NO_MF,OPTION_NO,OPTION_EXISTS,OPTION_EXACT_MATCH,OPTION_NUMERIC_MATCH,OPTION_DEVIATION_PERCENT,OPTION_DEVIATION_DECIMAL,WARNING_DEVIATION,ERROR_DEVIATION,USERID,DELETE_DATE) values (5000181,5000001,1099,'Y','N','N','N','N','N',null,null,'test',null);
Insert into PA_MATCHING_LEVEL_T (SEQ_NO_ML,SEQ_NO_PARAMSRC,SEQ_NO_MF,OPTION_NO,OPTION_EXISTS,OPTION_EXACT_MATCH,OPTION_NUMERIC_MATCH,OPTION_DEVIATION_PERCENT,OPTION_DEVIATION_DECIMAL,WARNING_DEVIATION,ERROR_DEVIATION,USERID,DELETE_DATE) values (5000182,5000001,1100,'Y','N','N','N','N','N',null,null,'test',null);
Insert into PA_MATCHING_LEVEL_T (SEQ_NO_ML,SEQ_NO_PARAMSRC,SEQ_NO_MF,OPTION_NO,OPTION_EXISTS,OPTION_EXACT_MATCH,OPTION_NUMERIC_MATCH,OPTION_DEVIATION_PERCENT,OPTION_DEVIATION_DECIMAL,WARNING_DEVIATION,ERROR_DEVIATION,USERID,DELETE_DATE) values (5000183,5000001,1101,'Y','N','N','N','N','N',null,null,'test',null);
Insert into PA_MATCHING_LEVEL_T (SEQ_NO_ML,SEQ_NO_PARAMSRC,SEQ_NO_MF,OPTION_NO,OPTION_EXISTS,OPTION_EXACT_MATCH,OPTION_NUMERIC_MATCH,OPTION_DEVIATION_PERCENT,OPTION_DEVIATION_DECIMAL,WARNING_DEVIATION,ERROR_DEVIATION,USERID,DELETE_DATE) values (5000184,5000001,1102,'Y','N','N','N','N','N',null,null,'test',null);
Insert into PA_MATCHING_LEVEL_T (SEQ_NO_ML,SEQ_NO_PARAMSRC,SEQ_NO_MF,OPTION_NO,OPTION_EXISTS,OPTION_EXACT_MATCH,OPTION_NUMERIC_MATCH,OPTION_DEVIATION_PERCENT,OPTION_DEVIATION_DECIMAL,WARNING_DEVIATION,ERROR_DEVIATION,USERID,DELETE_DATE) values (5000185,5000001,1103,'Y','N','N','N','N','N',null,null,'test',null);
Insert into PA_MATCHING_LEVEL_T (SEQ_NO_ML,SEQ_NO_PARAMSRC,SEQ_NO_MF,OPTION_NO,OPTION_EXISTS,OPTION_EXACT_MATCH,OPTION_NUMERIC_MATCH,OPTION_DEVIATION_PERCENT,OPTION_DEVIATION_DECIMAL,WARNING_DEVIATION,ERROR_DEVIATION,USERID,DELETE_DATE) values (5000186,5000001,1104,'Y','N','N','N','N','N',null,null,'test',null);
Insert into PA_MATCHING_LEVEL_T (SEQ_NO_ML,SEQ_NO_PARAMSRC,SEQ_NO_MF,OPTION_NO,OPTION_EXISTS,OPTION_EXACT_MATCH,OPTION_NUMERIC_MATCH,OPTION_DEVIATION_PERCENT,OPTION_DEVIATION_DECIMAL,WARNING_DEVIATION,ERROR_DEVIATION,USERID,DELETE_DATE) values (5000187,5000001,1105,'Y','N','N','N','N','N',null,null,'test',null);
Insert into PA_MATCHING_LEVEL_T (SEQ_NO_ML,SEQ_NO_PARAMSRC,SEQ_NO_MF,OPTION_NO,OPTION_EXISTS,OPTION_EXACT_MATCH,OPTION_NUMERIC_MATCH,OPTION_DEVIATION_PERCENT,OPTION_DEVIATION_DECIMAL,WARNING_DEVIATION,ERROR_DEVIATION,USERID,DELETE_DATE) values (5000188,5000001,1106,'Y','N','N','N','N','N',null,null,'test',null);
Insert into PA_MATCHING_LEVEL_T (SEQ_NO_ML,SEQ_NO_PARAMSRC,SEQ_NO_MF,OPTION_NO,OPTION_EXISTS,OPTION_EXACT_MATCH,OPTION_NUMERIC_MATCH,OPTION_DEVIATION_PERCENT,OPTION_DEVIATION_DECIMAL,WARNING_DEVIATION,ERROR_DEVIATION,USERID,DELETE_DATE) values (5000189,5000001,1107,'Y','N','N','N','N','N',null,null,'test',null);
Insert into PA_MATCHING_LEVEL_T (SEQ_NO_ML,SEQ_NO_PARAMSRC,SEQ_NO_MF,OPTION_NO,OPTION_EXISTS,OPTION_EXACT_MATCH,OPTION_NUMERIC_MATCH,OPTION_DEVIATION_PERCENT,OPTION_DEVIATION_DECIMAL,WARNING_DEVIATION,ERROR_DEVIATION,USERID,DELETE_DATE) values (5000190,5000001,1108,'Y','N','N','N','N','N',null,null,'test',null);
Insert into PA_MATCHING_LEVEL_T (SEQ_NO_ML,SEQ_NO_PARAMSRC,SEQ_NO_MF,OPTION_NO,OPTION_EXISTS,OPTION_EXACT_MATCH,OPTION_NUMERIC_MATCH,OPTION_DEVIATION_PERCENT,OPTION_DEVIATION_DECIMAL,WARNING_DEVIATION,ERROR_DEVIATION,USERID,DELETE_DATE) values (5000191,5000001,1109,'Y','N','N','N','N','N',null,null,'test',null);
Insert into PA_MATCHING_LEVEL_T (SEQ_NO_ML,SEQ_NO_PARAMSRC,SEQ_NO_MF,OPTION_NO,OPTION_EXISTS,OPTION_EXACT_MATCH,OPTION_NUMERIC_MATCH,OPTION_DEVIATION_PERCENT,OPTION_DEVIATION_DECIMAL,WARNING_DEVIATION,ERROR_DEVIATION,USERID,DELETE_DATE) values (5000192,5000001,1110,'Y','N','N','N','N','N',null,null,'test',null);
Insert into PA_MATCHING_LEVEL_T (SEQ_NO_ML,SEQ_NO_PARAMSRC,SEQ_NO_MF,OPTION_NO,OPTION_EXISTS,OPTION_EXACT_MATCH,OPTION_NUMERIC_MATCH,OPTION_DEVIATION_PERCENT,OPTION_DEVIATION_DECIMAL,WARNING_DEVIATION,ERROR_DEVIATION,USERID,DELETE_DATE) values (5000193,5000001,1111,'Y','N','N','N','N','N',null,null,'test',null);
Insert into PA_MATCHING_LEVEL_T (SEQ_NO_ML,SEQ_NO_PARAMSRC,SEQ_NO_MF,OPTION_NO,OPTION_EXISTS,OPTION_EXACT_MATCH,OPTION_NUMERIC_MATCH,OPTION_DEVIATION_PERCENT,OPTION_DEVIATION_DECIMAL,WARNING_DEVIATION,ERROR_DEVIATION,USERID,DELETE_DATE) values (5000194,5000001,1112,'Y','N','N','N','N','N',null,null,'test',null);
Insert into PA_MATCHING_LEVEL_T (SEQ_NO_ML,SEQ_NO_PARAMSRC,SEQ_NO_MF,OPTION_NO,OPTION_EXISTS,OPTION_EXACT_MATCH,OPTION_NUMERIC_MATCH,OPTION_DEVIATION_PERCENT,OPTION_DEVIATION_DECIMAL,WARNING_DEVIATION,ERROR_DEVIATION,USERID,DELETE_DATE) values (5000195,5000001,1113,'Y','N','N','N','N','N',null,null,'test',null);
Insert into PA_MATCHING_LEVEL_T (SEQ_NO_ML,SEQ_NO_PARAMSRC,SEQ_NO_MF,OPTION_NO,OPTION_EXISTS,OPTION_EXACT_MATCH,OPTION_NUMERIC_MATCH,OPTION_DEVIATION_PERCENT,OPTION_DEVIATION_DECIMAL,WARNING_DEVIATION,ERROR_DEVIATION,USERID,DELETE_DATE) values (5000196,5000001,1114,'Y','N','N','N','N','N',null,null,'test',null);
Insert into PA_MATCHING_LEVEL_T (SEQ_NO_ML,SEQ_NO_PARAMSRC,SEQ_NO_MF,OPTION_NO,OPTION_EXISTS,OPTION_EXACT_MATCH,OPTION_NUMERIC_MATCH,OPTION_DEVIATION_PERCENT,OPTION_DEVIATION_DECIMAL,WARNING_DEVIATION,ERROR_DEVIATION,USERID,DELETE_DATE) values (5000197,5000001,1115,'Y','N','N','N','N','N',null,null,'test',null);
Insert into PA_MATCHING_LEVEL_T (SEQ_NO_ML,SEQ_NO_PARAMSRC,SEQ_NO_MF,OPTION_NO,OPTION_EXISTS,OPTION_EXACT_MATCH,OPTION_NUMERIC_MATCH,OPTION_DEVIATION_PERCENT,OPTION_DEVIATION_DECIMAL,WARNING_DEVIATION,ERROR_DEVIATION,USERID,DELETE_DATE) values (5000198,5000001,1116,'Y','N','N','N','N','N',null,null,'test',null);
Insert into PA_MATCHING_LEVEL_T (SEQ_NO_ML,SEQ_NO_PARAMSRC,SEQ_NO_MF,OPTION_NO,OPTION_EXISTS,OPTION_EXACT_MATCH,OPTION_NUMERIC_MATCH,OPTION_DEVIATION_PERCENT,OPTION_DEVIATION_DECIMAL,WARNING_DEVIATION,ERROR_DEVIATION,USERID,DELETE_DATE) values (5000199,5000001,1117,'Y','N','N','N','N','N',null,null,'test',null);
update pa_system_config_t set service_configuration='both' where seq_no_paramsrc = (select seq_no_paramsrc from param_source_system_t where seq_no_param=(select seq_no_param from param_t where name='SystemConfiguration') and seq_no_srcsys = (select seq_no_srcsys from tim_source_system_t where id='FRIM001'));
update pa_system_config_t set consolidation_treatment='parallel' where seq_no_paramsrc = (select seq_no_paramsrc from param_source_system_t where seq_no_param=(select seq_no_param from param_t where name='SystemConfiguration') and seq_no_srcsys = (select seq_no_srcsys from tim_source_system_t where id='FRIM001'));
INSERT INTO PARAM_SOURCE_SYSTEM_T (SEQ_NO_PARAMSRC, SEQ_NO_PARAM, SEQ_NO_SRCSYS, VALID_FROM, USERID) VALUES ('5000000', '21', '1', TO_DATE('2015-02-10 00:00:00', 'YYYY-MM-DD HH24:MI:SS'), 'test');
Insert into PA_MATCHING_LEVEL_T (SEQ_NO_ML,SEQ_NO_PARAMSRC,SEQ_NO_MF,OPTION_NO,OPTION_EXISTS,OPTION_EXACT_MATCH,OPTION_NUMERIC_MATCH,OPTION_DEVIATION_PERCENT,OPTION_DEVIATION_DECIMAL,WARNING_DEVIATION,ERROR_DEVIATION,USERID,DELETE_DATE) values (5000000,5000000,1085,'Y','N','N','N','N','N',0,0,'test',null);
Insert into PA_MATCHING_LEVEL_T (SEQ_NO_ML,SEQ_NO_PARAMSRC,SEQ_NO_MF,OPTION_NO,OPTION_EXISTS,OPTION_EXACT_MATCH,OPTION_NUMERIC_MATCH,OPTION_DEVIATION_PERCENT,OPTION_DEVIATION_DECIMAL,WARNING_DEVIATION,ERROR_DEVIATION,USERID,DELETE_DATE) values (5000001,5000000,1088,'Y','N','N','N','N','N',null,null,'test',null);
Insert into PA_MATCHING_LEVEL_T (SEQ_NO_ML,SEQ_NO_PARAMSRC,SEQ_NO_MF,OPTION_NO,OPTION_EXISTS,OPTION_EXACT_MATCH,OPTION_NUMERIC_MATCH,OPTION_DEVIATION_PERCENT,OPTION_DEVIATION_DECIMAL,WARNING_DEVIATION,ERROR_DEVIATION,USERID,DELETE_DATE) values (5000002,5000000,1091,'Y','N','N','N','N','N',null,null,'test',null);
Insert into PA_MATCHING_LEVEL_T (SEQ_NO_ML,SEQ_NO_PARAMSRC,SEQ_NO_MF,OPTION_NO,OPTION_EXISTS,OPTION_EXACT_MATCH,OPTION_NUMERIC_MATCH,OPTION_DEVIATION_PERCENT,OPTION_DEVIATION_DECIMAL,WARNING_DEVIATION,ERROR_DEVIATION,USERID,DELETE_DATE) values (5000003,5000000,1013,'Y','N','N','N','N','N',null,null,'test',null);
Insert into PA_MATCHING_LEVEL_T (SEQ_NO_ML,SEQ_NO_PARAMSRC,SEQ_NO_MF,OPTION_NO,OPTION_EXISTS,OPTION_EXACT_MATCH,OPTION_NUMERIC_MATCH,OPTION_DEVIATION_PERCENT,OPTION_DEVIATION_DECIMAL,WARNING_DEVIATION,ERROR_DEVIATION,USERID,DELETE_DATE) values (5000004,5000000,1002,'Y','N','N','N','N','N',null,null,'test',null);
Insert into PA_MATCHING_LEVEL_T (SEQ_NO_ML,SEQ_NO_PARAMSRC,SEQ_NO_MF,OPTION_NO,OPTION_EXISTS,OPTION_EXACT_MATCH,OPTION_NUMERIC_MATCH,OPTION_DEVIATION_PERCENT,OPTION_DEVIATION_DECIMAL,WARNING_DEVIATION,ERROR_DEVIATION,USERID,DELETE_DATE) values (5000005,5000000,1014,'Y','N','N','N','N','N',null,null,'test',null);
Insert into PA_MATCHING_LEVEL_T (SEQ_NO_ML,SEQ_NO_PARAMSRC,SEQ_NO_MF,OPTION_NO,OPTION_EXISTS,OPTION_EXACT_MATCH,OPTION_NUMERIC_MATCH,OPTION_DEVIATION_PERCENT,OPTION_DEVIATION_DECIMAL,WARNING_DEVIATION,ERROR_DEVIATION,USERID,DELETE_DATE) values (5000006,5000000,1015,'Y','N','N','N','N','N',null,null,'test',null);
Insert into PA_MATCHING_LEVEL_T (SEQ_NO_ML,SEQ_NO_PARAMSRC,SEQ_NO_MF,OPTION_NO,OPTION_EXISTS,OPTION_EXACT_MATCH,OPTION_NUMERIC_MATCH,OPTION_DEVIATION_PERCENT,OPTION_DEVIATION_DECIMAL,WARNING_DEVIATION,ERROR_DEVIATION,USERID,DELETE_DATE) values (5000007,5000000,1016,'Y','N','N','N','N','N',null,null,'test',null);
Insert into PA_MATCHING_LEVEL_T (SEQ_NO_ML,SEQ_NO_PARAMSRC,SEQ_NO_MF,OPTION_NO,OPTION_EXISTS,OPTION_EXACT_MATCH,OPTION_NUMERIC_MATCH,OPTION_DEVIATION_PERCENT,OPTION_DEVIATION_DECIMAL,WARNING_DEVIATION,ERROR_DEVIATION,USERID,DELETE_DATE) values (5000008,5000000,1017,'Y','N','N','N','N','N',null,null,'test',null);
Insert into PA_MATCHING_LEVEL_T (SEQ_NO_ML,SEQ_NO_PARAMSRC,SEQ_NO_MF,OPTION_NO,OPTION_EXISTS,OPTION_EXACT_MATCH,OPTION_NUMERIC_MATCH,OPTION_DEVIATION_PERCENT,OPTION_DEVIATION_DECIMAL,WARNING_DEVIATION,ERROR_DEVIATION,USERID,DELETE_DATE) values (5000009,5000000,1021,'Y','N','N','N','N','N',null,null,'test',null);
Insert into PA_MATCHING_LEVEL_T (SEQ_NO_ML,SEQ_NO_PARAMSRC,SEQ_NO_MF,OPTION_NO,OPTION_EXISTS,OPTION_EXACT_MATCH,OPTION_NUMERIC_MATCH,OPTION_DEVIATION_PERCENT,OPTION_DEVIATION_DECIMAL,WARNING_DEVIATION,ERROR_DEVIATION,USERID,DELETE_DATE) values (5000010,5000000,1022,'Y','N','N','N','N','N',null,null,'test',null);
Insert into PA_MATCHING_LEVEL_T (SEQ_NO_ML,SEQ_NO_PARAMSRC,SEQ_NO_MF,OPTION_NO,OPTION_EXISTS,OPTION_EXACT_MATCH,OPTION_NUMERIC_MATCH,OPTION_DEVIATION_PERCENT,OPTION_DEVIATION_DECIMAL,WARNING_DEVIATION,ERROR_DEVIATION,USERID,DELETE_DATE) values (5000011,5000000,1023,'Y','N','N','N','N','N',null,null,'test',null);
Insert into PA_MATCHING_LEVEL_T (SEQ_NO_ML,SEQ_NO_PARAMSRC,SEQ_NO_MF,OPTION_NO,OPTION_EXISTS,OPTION_EXACT_MATCH,OPTION_NUMERIC_MATCH,OPTION_DEVIATION_PERCENT,OPTION_DEVIATION_DECIMAL,WARNING_DEVIATION,ERROR_DEVIATION,USERID,DELETE_DATE) values (5000012,5000000,1024,'Y','N','N','N','N','N',null,null,'test',null);
Insert into PA_MATCHING_LEVEL_T (SEQ_NO_ML,SEQ_NO_PARAMSRC,SEQ_NO_MF,OPTION_NO,OPTION_EXISTS,OPTION_EXACT_MATCH,OPTION_NUMERIC_MATCH,OPTION_DEVIATION_PERCENT,OPTION_DEVIATION_DECIMAL,WARNING_DEVIATION,ERROR_DEVIATION,USERID,DELETE_DATE) values (5000013,5000000,1025,'Y','N','N','N','N','N',null,null,'test',null);
Insert into PA_MATCHING_LEVEL_T (SEQ_NO_ML,SEQ_NO_PARAMSRC,SEQ_NO_MF,OPTION_NO,OPTION_EXISTS,OPTION_EXACT_MATCH,OPTION_NUMERIC_MATCH,OPTION_DEVIATION_PERCENT,OPTION_DEVIATION_DECIMAL,WARNING_DEVIATION,ERROR_DEVIATION,USERID,DELETE_DATE) values (5000014,5000000,1026,'Y','N','N','N','N','N',null,null,'test',null);
Insert into PA_MATCHING_LEVEL_T (SEQ_NO_ML,SEQ_NO_PARAMSRC,SEQ_NO_MF,OPTION_NO,OPTION_EXISTS,OPTION_EXACT_MATCH,OPTION_NUMERIC_MATCH,OPTION_DEVIATION_PERCENT,OPTION_DEVIATION_DECIMAL,WARNING_DEVIATION,ERROR_DEVIATION,USERID,DELETE_DATE) values (5000015,5000000,1027,'Y','N','N','N','N','N',null,null,'test',null);
Insert into PA_MATCHING_LEVEL_T (SEQ_NO_ML,SEQ_NO_PARAMSRC,SEQ_NO_MF,OPTION_NO,OPTION_EXISTS,OPTION_EXACT_MATCH,OPTION_NUMERIC_MATCH,OPTION_DEVIATION_PERCENT,OPTION_DEVIATION_DECIMAL,WARNING_DEVIATION,ERROR_DEVIATION,USERID,DELETE_DATE) values (5000016,5000000,1028,'Y','N','N','N','N','N',null,null,'test',null);
Insert into PA_MATCHING_LEVEL_T (SEQ_NO_ML,SEQ_NO_PARAMSRC,SEQ_NO_MF,OPTION_NO,OPTION_EXISTS,OPTION_EXACT_MATCH,OPTION_NUMERIC_MATCH,OPTION_DEVIATION_PERCENT,OPTION_DEVIATION_DECIMAL,WARNING_DEVIATION,ERROR_DEVIATION,USERID,DELETE_DATE) values (5000017,5000000,1029,'Y','N','N','N','N','N',null,null,'test',null);
Insert into PA_MATCHING_LEVEL_T (SEQ_NO_ML,SEQ_NO_PARAMSRC,SEQ_NO_MF,OPTION_NO,OPTION_EXISTS,OPTION_EXACT_MATCH,OPTION_NUMERIC_MATCH,OPTION_DEVIATION_PERCENT,OPTION_DEVIATION_DECIMAL,WARNING_DEVIATION,ERROR_DEVIATION,USERID,DELETE_DATE) values (5000018,5000000,1030,'Y','N','N','N','N','N',null,null,'test',null);
Insert into PA_MATCHING_LEVEL_T (SEQ_NO_ML,SEQ_NO_PARAMSRC,SEQ_NO_MF,OPTION_NO,OPTION_EXISTS,OPTION_EXACT_MATCH,OPTION_NUMERIC_MATCH,OPTION_DEVIATION_PERCENT,OPTION_DEVIATION_DECIMAL,WARNING_DEVIATION,ERROR_DEVIATION,USERID,DELETE_DATE) values (5000019,5000000,1031,'Y','N','N','N','N','N',null,null,'test',null);
Insert into PA_MATCHING_LEVEL_T (SEQ_NO_ML,SEQ_NO_PARAMSRC,SEQ_NO_MF,OPTION_NO,OPTION_EXISTS,OPTION_EXACT_MATCH,OPTION_NUMERIC_MATCH,OPTION_DEVIATION_PERCENT,OPTION_DEVIATION_DECIMAL,WARNING_DEVIATION,ERROR_DEVIATION,USERID,DELETE_DATE) values (5000020,5000000,1032,'Y','N','N','N','N','N',null,null,'test',null);
Insert into PA_MATCHING_LEVEL_T (SEQ_NO_ML,SEQ_NO_PARAMSRC,SEQ_NO_MF,OPTION_NO,OPTION_EXISTS,OPTION_EXACT_MATCH,OPTION_NUMERIC_MATCH,OPTION_DEVIATION_PERCENT,OPTION_DEVIATION_DECIMAL,WARNING_DEVIATION,ERROR_DEVIATION,USERID,DELETE_DATE) values (5000021,5000000,1033,'Y','N','N','N','N','N',null,null,'test',null);
Insert into PA_MATCHING_LEVEL_T (SEQ_NO_ML,SEQ_NO_PARAMSRC,SEQ_NO_MF,OPTION_NO,OPTION_EXISTS,OPTION_EXACT_MATCH,OPTION_NUMERIC_MATCH,OPTION_DEVIATION_PERCENT,OPTION_DEVIATION_DECIMAL,WARNING_DEVIATION,ERROR_DEVIATION,USERID,DELETE_DATE) values (5000022,5000000,1034,'Y','N','N','N','N','N',null,null,'test',null);
Insert into PA_MATCHING_LEVEL_T (SEQ_NO_ML,SEQ_NO_PARAMSRC,SEQ_NO_MF,OPTION_NO,OPTION_EXISTS,OPTION_EXACT_MATCH,OPTION_NUMERIC_MATCH,OPTION_DEVIATION_PERCENT,OPTION_DEVIATION_DECIMAL,WARNING_DEVIATION,ERROR_DEVIATION,USERID,DELETE_DATE) values (5000023,5000000,1035,'Y','N','N','N','N','N',null,null,'test',null);
Insert into PA_MATCHING_LEVEL_T (SEQ_NO_ML,SEQ_NO_PARAMSRC,SEQ_NO_MF,OPTION_NO,OPTION_EXISTS,OPTION_EXACT_MATCH,OPTION_NUMERIC_MATCH,OPTION_DEVIATION_PERCENT,OPTION_DEVIATION_DECIMAL,WARNING_DEVIATION,ERROR_DEVIATION,USERID,DELETE_DATE) values (5000024,5000000,1036,'Y','N','N','N','N','N',null,null,'test',null);
Insert into PA_MATCHING_LEVEL_T (SEQ_NO_ML,SEQ_NO_PARAMSRC,SEQ_NO_MF,OPTION_NO,OPTION_EXISTS,OPTION_EXACT_MATCH,OPTION_NUMERIC_MATCH,OPTION_DEVIATION_PERCENT,OPTION_DEVIATION_DECIMAL,WARNING_DEVIATION,ERROR_DEVIATION,USERID,DELETE_DATE) values (5000025,5000000,1037,'Y','N','N','N','N','N',null,null,'test',null);
Insert into PA_MATCHING_LEVEL_T (SEQ_NO_ML,SEQ_NO_PARAMSRC,SEQ_NO_MF,OPTION_NO,OPTION_EXISTS,OPTION_EXACT_MATCH,OPTION_NUMERIC_MATCH,OPTION_DEVIATION_PERCENT,OPTION_DEVIATION_DECIMAL,WARNING_DEVIATION,ERROR_DEVIATION,USERID,DELETE_DATE) values (5000026,5000000,1041,'Y','N','N','N','N','N',null,null,'test',null);
Insert into PA_MATCHING_LEVEL_T (SEQ_NO_ML,SEQ_NO_PARAMSRC,SEQ_NO_MF,OPTION_NO,OPTION_EXISTS,OPTION_EXACT_MATCH,OPTION_NUMERIC_MATCH,OPTION_DEVIATION_PERCENT,OPTION_DEVIATION_DECIMAL,WARNING_DEVIATION,ERROR_DEVIATION,USERID,DELETE_DATE) values (5000027,5000000,1042,'Y','N','N','N','N','N',null,null,'test',null);
Insert into PA_MATCHING_LEVEL_T (SEQ_NO_ML,SEQ_NO_PARAMSRC,SEQ_NO_MF,OPTION_NO,OPTION_EXISTS,OPTION_EXACT_MATCH,OPTION_NUMERIC_MATCH,OPTION_DEVIATION_PERCENT,OPTION_DEVIATION_DECIMAL,WARNING_DEVIATION,ERROR_DEVIATION,USERID,DELETE_DATE) values (5000028,5000000,1043,'Y','N','N','N','N','N',null,null,'test',null);
Insert into PA_MATCHING_LEVEL_T (SEQ_NO_ML,SEQ_NO_PARAMSRC,SEQ_NO_MF,OPTION_NO,OPTION_EXISTS,OPTION_EXACT_MATCH,OPTION_NUMERIC_MATCH,OPTION_DEVIATION_PERCENT,OPTION_DEVIATION_DECIMAL,WARNING_DEVIATION,ERROR_DEVIATION,USERID,DELETE_DATE) values (5000029,5000000,1044,'Y','N','N','N','N','N',null,null,'test',null);
Insert into PA_MATCHING_LEVEL_T (SEQ_NO_ML,SEQ_NO_PARAMSRC,SEQ_NO_MF,OPTION_NO,OPTION_EXISTS,OPTION_EXACT_MATCH,OPTION_NUMERIC_MATCH,OPTION_DEVIATION_PERCENT,OPTION_DEVIATION_DECIMAL,WARNING_DEVIATION,ERROR_DEVIATION,USERID,DELETE_DATE) values (5000030,5000000,1045,'Y','N','N','N','N','N',null,null,'test',null);
Insert into PA_MATCHING_LEVEL_T (SEQ_NO_ML,SEQ_NO_PARAMSRC,SEQ_NO_MF,OPTION_NO,OPTION_EXISTS,OPTION_EXACT_MATCH,OPTION_NUMERIC_MATCH,OPTION_DEVIATION_PERCENT,OPTION_DEVIATION_DECIMAL,WARNING_DEVIATION,ERROR_DEVIATION,USERID,DELETE_DATE) values (5000031,5000000,1046,'Y','N','N','N','N','N',null,null,'test',null);
Insert into PA_MATCHING_LEVEL_T (SEQ_NO_ML,SEQ_NO_PARAMSRC,SEQ_NO_MF,OPTION_NO,OPTION_EXISTS,OPTION_EXACT_MATCH,OPTION_NUMERIC_MATCH,OPTION_DEVIATION_PERCENT,OPTION_DEVIATION_DECIMAL,WARNING_DEVIATION,ERROR_DEVIATION,USERID,DELETE_DATE) values (5000032,5000000,1047,'Y','N','N','N','N','N',null,null,'test',null);
Insert into PA_MATCHING_LEVEL_T (SEQ_NO_ML,SEQ_NO_PARAMSRC,SEQ_NO_MF,OPTION_NO,OPTION_EXISTS,OPTION_EXACT_MATCH,OPTION_NUMERIC_MATCH,OPTION_DEVIATION_PERCENT,OPTION_DEVIATION_DECIMAL,WARNING_DEVIATION,ERROR_DEVIATION,USERID,DELETE_DATE) values (5000033,5000000,1048,'Y','N','N','N','N','N',null,null,'test',null);
Insert into PA_MATCHING_LEVEL_T (SEQ_NO_ML,SEQ_NO_PARAMSRC,SEQ_NO_MF,OPTION_NO,OPTION_EXISTS,OPTION_EXACT_MATCH,OPTION_NUMERIC_MATCH,OPTION_DEVIATION_PERCENT,OPTION_DEVIATION_DECIMAL,WARNING_DEVIATION,ERROR_DEVIATION,USERID,DELETE_DATE) values (5000034,5000000,1049,'Y','N','N','N','N','N',null,null,'test',null);
Insert into PA_MATCHING_LEVEL_T (SEQ_NO_ML,SEQ_NO_PARAMSRC,SEQ_NO_MF,OPTION_NO,OPTION_EXISTS,OPTION_EXACT_MATCH,OPTION_NUMERIC_MATCH,OPTION_DEVIATION_PERCENT,OPTION_DEVIATION_DECIMAL,WARNING_DEVIATION,ERROR_DEVIATION,USERID,DELETE_DATE) values (5000035,5000000,1050,'Y','N','N','N','N','N',null,null,'test',null);
Insert into PA_MATCHING_LEVEL_T (SEQ_NO_ML,SEQ_NO_PARAMSRC,SEQ_NO_MF,OPTION_NO,OPTION_EXISTS,OPTION_EXACT_MATCH,OPTION_NUMERIC_MATCH,OPTION_DEVIATION_PERCENT,OPTION_DEVIATION_DECIMAL,WARNING_DEVIATION,ERROR_DEVIATION,USERID,DELETE_DATE) values (5000036,5000000,1051,'Y','N','N','N','N','N',null,null,'test',null);
Insert into PA_MATCHING_LEVEL_T (SEQ_NO_ML,SEQ_NO_PARAMSRC,SEQ_NO_MF,OPTION_NO,OPTION_EXISTS,OPTION_EXACT_MATCH,OPTION_NUMERIC_MATCH,OPTION_DEVIATION_PERCENT,OPTION_DEVIATION_DECIMAL,WARNING_DEVIATION,ERROR_DEVIATION,USERID,DELETE_DATE) values (5000037,5000000,1052,'Y','N','N','N','N','N',null,null,'test',null);
Insert into PA_MATCHING_LEVEL_T (SEQ_NO_ML,SEQ_NO_PARAMSRC,SEQ_NO_MF,OPTION_NO,OPTION_EXISTS,OPTION_EXACT_MATCH,OPTION_NUMERIC_MATCH,OPTION_DEVIATION_PERCENT,OPTION_DEVIATION_DECIMAL,WARNING_DEVIATION,ERROR_DEVIATION,USERID,DELETE_DATE) values (5000038,5000000,1053,'Y','N','N','N','N','N',null,null,'test',null);
Insert into PA_MATCHING_LEVEL_T (SEQ_NO_ML,SEQ_NO_PARAMSRC,SEQ_NO_MF,OPTION_NO,OPTION_EXISTS,OPTION_EXACT_MATCH,OPTION_NUMERIC_MATCH,OPTION_DEVIATION_PERCENT,OPTION_DEVIATION_DECIMAL,WARNING_DEVIATION,ERROR_DEVIATION,USERID,DELETE_DATE) values (5000039,5000000,1054,'Y','N','N','N','N','N',null,null,'test',null);
Insert into PA_MATCHING_LEVEL_T (SEQ_NO_ML,SEQ_NO_PARAMSRC,SEQ_NO_MF,OPTION_NO,OPTION_EXISTS,OPTION_EXACT_MATCH,OPTION_NUMERIC_MATCH,OPTION_DEVIATION_PERCENT,OPTION_DEVIATION_DECIMAL,WARNING_DEVIATION,ERROR_DEVIATION,USERID,DELETE_DATE) values (5000040,5000000,1055,'Y','N','N','N','N','N',null,null,'test',null);
Insert into PA_MATCHING_LEVEL_T (SEQ_NO_ML,SEQ_NO_PARAMSRC,SEQ_NO_MF,OPTION_NO,OPTION_EXISTS,OPTION_EXACT_MATCH,OPTION_NUMERIC_MATCH,OPTION_DEVIATION_PERCENT,OPTION_DEVIATION_DECIMAL,WARNING_DEVIATION,ERROR_DEVIATION,USERID,DELETE_DATE) values (5000041,5000000,1056,'Y','N','N','N','N','N',null,null,'test',null);
Insert into PA_MATCHING_LEVEL_T (SEQ_NO_ML,SEQ_NO_PARAMSRC,SEQ_NO_MF,OPTION_NO,OPTION_EXISTS,OPTION_EXACT_MATCH,OPTION_NUMERIC_MATCH,OPTION_DEVIATION_PERCENT,OPTION_DEVIATION_DECIMAL,WARNING_DEVIATION,ERROR_DEVIATION,USERID,DELETE_DATE) values (5000042,5000000,1057,'Y','N','N','N','N','N',null,null,'test',null);
Insert into PA_MATCHING_LEVEL_T (SEQ_NO_ML,SEQ_NO_PARAMSRC,SEQ_NO_MF,OPTION_NO,OPTION_EXISTS,OPTION_EXACT_MATCH,OPTION_NUMERIC_MATCH,OPTION_DEVIATION_PERCENT,OPTION_DEVIATION_DECIMAL,WARNING_DEVIATION,ERROR_DEVIATION,USERID,DELETE_DATE) values (5000043,5000000,1058,'Y','N','N','N','N','N',null,null,'test',null);
Insert into PA_MATCHING_LEVEL_T (SEQ_NO_ML,SEQ_NO_PARAMSRC,SEQ_NO_MF,OPTION_NO,OPTION_EXISTS,OPTION_EXACT_MATCH,OPTION_NUMERIC_MATCH,OPTION_DEVIATION_PERCENT,OPTION_DEVIATION_DECIMAL,WARNING_DEVIATION,ERROR_DEVIATION,USERID,DELETE_DATE) values (5000044,5000000,1059,'Y','N','N','N','N','N',null,null,'test',null);
Insert into PA_MATCHING_LEVEL_T (SEQ_NO_ML,SEQ_NO_PARAMSRC,SEQ_NO_MF,OPTION_NO,OPTION_EXISTS,OPTION_EXACT_MATCH,OPTION_NUMERIC_MATCH,OPTION_DEVIATION_PERCENT,OPTION_DEVIATION_DECIMAL,WARNING_DEVIATION,ERROR_DEVIATION,USERID,DELETE_DATE) values (5000045,5000000,1060,'Y','N','N','N','N','N',null,null,'test',null);
Insert into PA_MATCHING_LEVEL_T (SEQ_NO_ML,SEQ_NO_PARAMSRC,SEQ_NO_MF,OPTION_NO,OPTION_EXISTS,OPTION_EXACT_MATCH,OPTION_NUMERIC_MATCH,OPTION_DEVIATION_PERCENT,OPTION_DEVIATION_DECIMAL,WARNING_DEVIATION,ERROR_DEVIATION,USERID,DELETE_DATE) values (5000046,5000000,1061,'Y','N','N','N','N','N',null,null,'test',null);
Insert into PA_MATCHING_LEVEL_T (SEQ_NO_ML,SEQ_NO_PARAMSRC,SEQ_NO_MF,OPTION_NO,OPTION_EXISTS,OPTION_EXACT_MATCH,OPTION_NUMERIC_MATCH,OPTION_DEVIATION_PERCENT,OPTION_DEVIATION_DECIMAL,WARNING_DEVIATION,ERROR_DEVIATION,USERID,DELETE_DATE) values (5000047,5000000,1062,'N','N','N','N','Y','N','1','2','test',null);
Insert into PA_MATCHING_LEVEL_T (SEQ_NO_ML,SEQ_NO_PARAMSRC,SEQ_NO_MF,OPTION_NO,OPTION_EXISTS,OPTION_EXACT_MATCH,OPTION_NUMERIC_MATCH,OPTION_DEVIATION_PERCENT,OPTION_DEVIATION_DECIMAL,WARNING_DEVIATION,ERROR_DEVIATION,USERID,DELETE_DATE) values (5000048,5000000,1063,'Y','N','N','N','N','N',null,null,'test',null);
Insert into PA_MATCHING_LEVEL_T (SEQ_NO_ML,SEQ_NO_PARAMSRC,SEQ_NO_MF,OPTION_NO,OPTION_EXISTS,OPTION_EXACT_MATCH,OPTION_NUMERIC_MATCH,OPTION_DEVIATION_PERCENT,OPTION_DEVIATION_DECIMAL,WARNING_DEVIATION,ERROR_DEVIATION,USERID,DELETE_DATE) values (5000049,5000000,1064,'N','N','N','N','Y','N','1',null,'test',null);
Insert into PA_MATCHING_LEVEL_T (SEQ_NO_ML,SEQ_NO_PARAMSRC,SEQ_NO_MF,OPTION_NO,OPTION_EXISTS,OPTION_EXACT_MATCH,OPTION_NUMERIC_MATCH,OPTION_DEVIATION_PERCENT,OPTION_DEVIATION_DECIMAL,WARNING_DEVIATION,ERROR_DEVIATION,USERID,DELETE_DATE) values (5000050,5000000,1065,'Y','N','N','N','N','N',null,null,'test',null);
Insert into PA_MATCHING_LEVEL_T (SEQ_NO_ML,SEQ_NO_PARAMSRC,SEQ_NO_MF,OPTION_NO,OPTION_EXISTS,OPTION_EXACT_MATCH,OPTION_NUMERIC_MATCH,OPTION_DEVIATION_PERCENT,OPTION_DEVIATION_DECIMAL,WARNING_DEVIATION,ERROR_DEVIATION,USERID,DELETE_DATE) values (5000051,5000000,1066,'Y','N','N','N','N','N',null,null,'test',null);
Insert into PA_MATCHING_LEVEL_T (SEQ_NO_ML,SEQ_NO_PARAMSRC,SEQ_NO_MF,OPTION_NO,OPTION_EXISTS,OPTION_EXACT_MATCH,OPTION_NUMERIC_MATCH,OPTION_DEVIATION_PERCENT,OPTION_DEVIATION_DECIMAL,WARNING_DEVIATION,ERROR_DEVIATION,USERID,DELETE_DATE) values (5000052,5000000,1067,'Y','N','N','N','N','N',null,null,'test',null);
Insert into PA_MATCHING_LEVEL_T (SEQ_NO_ML,SEQ_NO_PARAMSRC,SEQ_NO_MF,OPTION_NO,OPTION_EXISTS,OPTION_EXACT_MATCH,OPTION_NUMERIC_MATCH,OPTION_DEVIATION_PERCENT,OPTION_DEVIATION_DECIMAL,WARNING_DEVIATION,ERROR_DEVIATION,USERID,DELETE_DATE) values (5000053,5000000,1068,'Y','N','N','N','N','N',null,null,'test',null);
Insert into PA_MATCHING_LEVEL_T (SEQ_NO_ML,SEQ_NO_PARAMSRC,SEQ_NO_MF,OPTION_NO,OPTION_EXISTS,OPTION_EXACT_MATCH,OPTION_NUMERIC_MATCH,OPTION_DEVIATION_PERCENT,OPTION_DEVIATION_DECIMAL,WARNING_DEVIATION,ERROR_DEVIATION,USERID,DELETE_DATE) values (5000054,5000000,1069,'Y','N','N','N','N','N',null,null,'test',null);
Insert into PA_MATCHING_LEVEL_T (SEQ_NO_ML,SEQ_NO_PARAMSRC,SEQ_NO_MF,OPTION_NO,OPTION_EXISTS,OPTION_EXACT_MATCH,OPTION_NUMERIC_MATCH,OPTION_DEVIATION_PERCENT,OPTION_DEVIATION_DECIMAL,WARNING_DEVIATION,ERROR_DEVIATION,USERID,DELETE_DATE) values (5000055,5000000,1070,'N','N','N','N','Y','N',null,'2','test',null);
Insert into PA_MATCHING_LEVEL_T (SEQ_NO_ML,SEQ_NO_PARAMSRC,SEQ_NO_MF,OPTION_NO,OPTION_EXISTS,OPTION_EXACT_MATCH,OPTION_NUMERIC_MATCH,OPTION_DEVIATION_PERCENT,OPTION_DEVIATION_DECIMAL,WARNING_DEVIATION,ERROR_DEVIATION,USERID,DELETE_DATE) values (5000056,5000000,1071,'Y','N','N','N','N','N',null,null,'test',null);
Insert into PA_MATCHING_LEVEL_T (SEQ_NO_ML,SEQ_NO_PARAMSRC,SEQ_NO_MF,OPTION_NO,OPTION_EXISTS,OPTION_EXACT_MATCH,OPTION_NUMERIC_MATCH,OPTION_DEVIATION_PERCENT,OPTION_DEVIATION_DECIMAL,WARNING_DEVIATION,ERROR_DEVIATION,USERID,DELETE_DATE) values (5000057,5000000,1072,'N','N','N','N','Y','N','1','2','test',null);
Insert into PA_MATCHING_LEVEL_T (SEQ_NO_ML,SEQ_NO_PARAMSRC,SEQ_NO_MF,OPTION_NO,OPTION_EXISTS,OPTION_EXACT_MATCH,OPTION_NUMERIC_MATCH,OPTION_DEVIATION_PERCENT,OPTION_DEVIATION_DECIMAL,WARNING_DEVIATION,ERROR_DEVIATION,USERID,DELETE_DATE) values (5000058,5000000,1073,'Y','N','N','N','N','N',null,null,'test',null);
Insert into PA_MATCHING_LEVEL_T (SEQ_NO_ML,SEQ_NO_PARAMSRC,SEQ_NO_MF,OPTION_NO,OPTION_EXISTS,OPTION_EXACT_MATCH,OPTION_NUMERIC_MATCH,OPTION_DEVIATION_PERCENT,OPTION_DEVIATION_DECIMAL,WARNING_DEVIATION,ERROR_DEVIATION,USERID,DELETE_DATE) values (5000059,5000000,1074,'Y','N','N','N','N','N',null,null,'test',null);
Insert into PA_MATCHING_LEVEL_T (SEQ_NO_ML,SEQ_NO_PARAMSRC,SEQ_NO_MF,OPTION_NO,OPTION_EXISTS,OPTION_EXACT_MATCH,OPTION_NUMERIC_MATCH,OPTION_DEVIATION_PERCENT,OPTION_DEVIATION_DECIMAL,WARNING_DEVIATION,ERROR_DEVIATION,USERID,DELETE_DATE) values (5000060,5000000,1075,'Y','N','N','N','N','N',null,null,'test',null);
Insert into PA_MATCHING_LEVEL_T (SEQ_NO_ML,SEQ_NO_PARAMSRC,SEQ_NO_MF,OPTION_NO,OPTION_EXISTS,OPTION_EXACT_MATCH,OPTION_NUMERIC_MATCH,OPTION_DEVIATION_PERCENT,OPTION_DEVIATION_DECIMAL,WARNING_DEVIATION,ERROR_DEVIATION,USERID,DELETE_DATE) values (5000061,5000000,1076,'Y','N','N','N','N','N',null,null,'test',null);
Insert into PA_MATCHING_LEVEL_T (SEQ_NO_ML,SEQ_NO_PARAMSRC,SEQ_NO_MF,OPTION_NO,OPTION_EXISTS,OPTION_EXACT_MATCH,OPTION_NUMERIC_MATCH,OPTION_DEVIATION_PERCENT,OPTION_DEVIATION_DECIMAL,WARNING_DEVIATION,ERROR_DEVIATION,USERID,DELETE_DATE) values (5000062,5000000,1077,'Y','N','N','N','N','N',null,null,'test',null);
Insert into PA_MATCHING_LEVEL_T (SEQ_NO_ML,SEQ_NO_PARAMSRC,SEQ_NO_MF,OPTION_NO,OPTION_EXISTS,OPTION_EXACT_MATCH,OPTION_NUMERIC_MATCH,OPTION_DEVIATION_PERCENT,OPTION_DEVIATION_DECIMAL,WARNING_DEVIATION,ERROR_DEVIATION,USERID,DELETE_DATE) values (5000063,5000000,1078,'Y','N','N','N','N','N',null,null,'test',null);
Insert into PA_MATCHING_LEVEL_T (SEQ_NO_ML,SEQ_NO_PARAMSRC,SEQ_NO_MF,OPTION_NO,OPTION_EXISTS,OPTION_EXACT_MATCH,OPTION_NUMERIC_MATCH,OPTION_DEVIATION_PERCENT,OPTION_DEVIATION_DECIMAL,WARNING_DEVIATION,ERROR_DEVIATION,USERID,DELETE_DATE) values (5000064,5000000,1079,'Y','N','N','N','N','N',null,null,'test',null);
Insert into PA_MATCHING_LEVEL_T (SEQ_NO_ML,SEQ_NO_PARAMSRC,SEQ_NO_MF,OPTION_NO,OPTION_EXISTS,OPTION_EXACT_MATCH,OPTION_NUMERIC_MATCH,OPTION_DEVIATION_PERCENT,OPTION_DEVIATION_DECIMAL,WARNING_DEVIATION,ERROR_DEVIATION,USERID,DELETE_DATE) values (5000065,5000000,1080,'Y','N','N','N','N','N',null,null,'test',null);
Insert into PA_MATCHING_LEVEL_T (SEQ_NO_ML,SEQ_NO_PARAMSRC,SEQ_NO_MF,OPTION_NO,OPTION_EXISTS,OPTION_EXACT_MATCH,OPTION_NUMERIC_MATCH,OPTION_DEVIATION_PERCENT,OPTION_DEVIATION_DECIMAL,WARNING_DEVIATION,ERROR_DEVIATION,USERID,DELETE_DATE) values (5000066,5000000,1081,'Y','N','N','N','N','N',null,null,'test',null);
Insert into PA_MATCHING_LEVEL_T (SEQ_NO_ML,SEQ_NO_PARAMSRC,SEQ_NO_MF,OPTION_NO,OPTION_EXISTS,OPTION_EXACT_MATCH,OPTION_NUMERIC_MATCH,OPTION_DEVIATION_PERCENT,OPTION_DEVIATION_DECIMAL,WARNING_DEVIATION,ERROR_DEVIATION,USERID,DELETE_DATE) values (5000067,5000000,1082,'Y','N','N','N','N','N',null,null,'test',null);
Insert into PA_MATCHING_LEVEL_T (SEQ_NO_ML,SEQ_NO_PARAMSRC,SEQ_NO_MF,OPTION_NO,OPTION_EXISTS,OPTION_EXACT_MATCH,OPTION_NUMERIC_MATCH,OPTION_DEVIATION_PERCENT,OPTION_DEVIATION_DECIMAL,WARNING_DEVIATION,ERROR_DEVIATION,USERID,DELETE_DATE) values (5000068,5000000,1083,'Y','N','N','N','N','N',null,null,'test',null);
Insert into PA_MATCHING_LEVEL_T (SEQ_NO_ML,SEQ_NO_PARAMSRC,SEQ_NO_MF,OPTION_NO,OPTION_EXISTS,OPTION_EXACT_MATCH,OPTION_NUMERIC_MATCH,OPTION_DEVIATION_PERCENT,OPTION_DEVIATION_DECIMAL,WARNING_DEVIATION,ERROR_DEVIATION,USERID,DELETE_DATE) values (5000069,5000000,1084,'Y','N','N','N','N','N',null,null,'test',null);
Insert into PA_MATCHING_LEVEL_T (SEQ_NO_ML,SEQ_NO_PARAMSRC,SEQ_NO_MF,OPTION_NO,OPTION_EXISTS,OPTION_EXACT_MATCH,OPTION_NUMERIC_MATCH,OPTION_DEVIATION_PERCENT,OPTION_DEVIATION_DECIMAL,WARNING_DEVIATION,ERROR_DEVIATION,USERID,DELETE_DATE) values (5000070,5000000,1086,'Y','N','N','N','N','N',null,null,'test',null);
Insert into PA_MATCHING_LEVEL_T (SEQ_NO_ML,SEQ_NO_PARAMSRC,SEQ_NO_MF,OPTION_NO,OPTION_EXISTS,OPTION_EXACT_MATCH,OPTION_NUMERIC_MATCH,OPTION_DEVIATION_PERCENT,OPTION_DEVIATION_DECIMAL,WARNING_DEVIATION,ERROR_DEVIATION,USERID,DELETE_DATE) values (5000071,5000000,1087,'N','N','N','N','Y','N','1','2','test',null);
Insert into PA_MATCHING_LEVEL_T (SEQ_NO_ML,SEQ_NO_PARAMSRC,SEQ_NO_MF,OPTION_NO,OPTION_EXISTS,OPTION_EXACT_MATCH,OPTION_NUMERIC_MATCH,OPTION_DEVIATION_PERCENT,OPTION_DEVIATION_DECIMAL,WARNING_DEVIATION,ERROR_DEVIATION,USERID,DELETE_DATE) values (5000072,5000000,1089,'Y','N','N','N','N','N',null,null,'test',null);
Insert into PA_MATCHING_LEVEL_T (SEQ_NO_ML,SEQ_NO_PARAMSRC,SEQ_NO_MF,OPTION_NO,OPTION_EXISTS,OPTION_EXACT_MATCH,OPTION_NUMERIC_MATCH,OPTION_DEVIATION_PERCENT,OPTION_DEVIATION_DECIMAL,WARNING_DEVIATION,ERROR_DEVIATION,USERID,DELETE_DATE) values (5000073,5000000,1090,'Y','N','N','N','N','N',null,null,'test',null);
Insert into PA_MATCHING_LEVEL_T (SEQ_NO_ML,SEQ_NO_PARAMSRC,SEQ_NO_MF,OPTION_NO,OPTION_EXISTS,OPTION_EXACT_MATCH,OPTION_NUMERIC_MATCH,OPTION_DEVIATION_PERCENT,OPTION_DEVIATION_DECIMAL,WARNING_DEVIATION,ERROR_DEVIATION,USERID,DELETE_DATE) values (5000074,5000000,1092,'Y','N','N','N','N','N',null,null,'test',null);
Insert into PA_MATCHING_LEVEL_T (SEQ_NO_ML,SEQ_NO_PARAMSRC,SEQ_NO_MF,OPTION_NO,OPTION_EXISTS,OPTION_EXACT_MATCH,OPTION_NUMERIC_MATCH,OPTION_DEVIATION_PERCENT,OPTION_DEVIATION_DECIMAL,WARNING_DEVIATION,ERROR_DEVIATION,USERID,DELETE_DATE) values (5000075,5000000,1093,'Y','N','N','N','N','N',null,null,'test',null);
Insert into PA_MATCHING_LEVEL_T (SEQ_NO_ML,SEQ_NO_PARAMSRC,SEQ_NO_MF,OPTION_NO,OPTION_EXISTS,OPTION_EXACT_MATCH,OPTION_NUMERIC_MATCH,OPTION_DEVIATION_PERCENT,OPTION_DEVIATION_DECIMAL,WARNING_DEVIATION,ERROR_DEVIATION,USERID,DELETE_DATE) values (5000076,5000000,1094,'Y','N','N','N','N','N',null,null,'test',null);
Insert into PA_MATCHING_LEVEL_T (SEQ_NO_ML,SEQ_NO_PARAMSRC,SEQ_NO_MF,OPTION_NO,OPTION_EXISTS,OPTION_EXACT_MATCH,OPTION_NUMERIC_MATCH,OPTION_DEVIATION_PERCENT,OPTION_DEVIATION_DECIMAL,WARNING_DEVIATION,ERROR_DEVIATION,USERID,DELETE_DATE) values (5000077,5000000,1095,'Y','N','N','N','N','N',null,null,'test',null);
Insert into PA_MATCHING_LEVEL_T (SEQ_NO_ML,SEQ_NO_PARAMSRC,SEQ_NO_MF,OPTION_NO,OPTION_EXISTS,OPTION_EXACT_MATCH,OPTION_NUMERIC_MATCH,OPTION_DEVIATION_PERCENT,OPTION_DEVIATION_DECIMAL,WARNING_DEVIATION,ERROR_DEVIATION,USERID,DELETE_DATE) values (5000078,5000000,1096,'Y','N','N','N','N','N',null,null,'test',null);
Insert into PA_MATCHING_LEVEL_T (SEQ_NO_ML,SEQ_NO_PARAMSRC,SEQ_NO_MF,OPTION_NO,OPTION_EXISTS,OPTION_EXACT_MATCH,OPTION_NUMERIC_MATCH,OPTION_DEVIATION_PERCENT,OPTION_DEVIATION_DECIMAL,WARNING_DEVIATION,ERROR_DEVIATION,USERID,DELETE_DATE) values (5000079,5000000,1097,'Y','N','N','N','N','N',null,null,'test',null);
Insert into PA_MATCHING_LEVEL_T (SEQ_NO_ML,SEQ_NO_PARAMSRC,SEQ_NO_MF,OPTION_NO,OPTION_EXISTS,OPTION_EXACT_MATCH,OPTION_NUMERIC_MATCH,OPTION_DEVIATION_PERCENT,OPTION_DEVIATION_DECIMAL,WARNING_DEVIATION,ERROR_DEVIATION,USERID,DELETE_DATE) values (5000080,5000000,1098,'Y','N','N','N','N','N',null,null,'test',null);
Insert into PA_MATCHING_LEVEL_T (SEQ_NO_ML,SEQ_NO_PARAMSRC,SEQ_NO_MF,OPTION_NO,OPTION_EXISTS,OPTION_EXACT_MATCH,OPTION_NUMERIC_MATCH,OPTION_DEVIATION_PERCENT,OPTION_DEVIATION_DECIMAL,WARNING_DEVIATION,ERROR_DEVIATION,USERID,DELETE_DATE) values (5000081,5000000,1099,'Y','N','N','N','N','N',null,null,'test',null);
Insert into PA_MATCHING_LEVEL_T (SEQ_NO_ML,SEQ_NO_PARAMSRC,SEQ_NO_MF,OPTION_NO,OPTION_EXISTS,OPTION_EXACT_MATCH,OPTION_NUMERIC_MATCH,OPTION_DEVIATION_PERCENT,OPTION_DEVIATION_DECIMAL,WARNING_DEVIATION,ERROR_DEVIATION,USERID,DELETE_DATE) values (5000082,5000000,1100,'Y','N','N','N','N','N',null,null,'test',null);
Insert into PA_MATCHING_LEVEL_T (SEQ_NO_ML,SEQ_NO_PARAMSRC,SEQ_NO_MF,OPTION_NO,OPTION_EXISTS,OPTION_EXACT_MATCH,OPTION_NUMERIC_MATCH,OPTION_DEVIATION_PERCENT,OPTION_DEVIATION_DECIMAL,WARNING_DEVIATION,ERROR_DEVIATION,USERID,DELETE_DATE) values (5000083,5000000,1101,'Y','N','N','N','N','N',null,null,'test',null);
Insert into PA_MATCHING_LEVEL_T (SEQ_NO_ML,SEQ_NO_PARAMSRC,SEQ_NO_MF,OPTION_NO,OPTION_EXISTS,OPTION_EXACT_MATCH,OPTION_NUMERIC_MATCH,OPTION_DEVIATION_PERCENT,OPTION_DEVIATION_DECIMAL,WARNING_DEVIATION,ERROR_DEVIATION,USERID,DELETE_DATE) values (5000084,5000000,1102,'Y','N','N','N','N','N',null,null,'test',null);
Insert into PA_MATCHING_LEVEL_T (SEQ_NO_ML,SEQ_NO_PARAMSRC,SEQ_NO_MF,OPTION_NO,OPTION_EXISTS,OPTION_EXACT_MATCH,OPTION_NUMERIC_MATCH,OPTION_DEVIATION_PERCENT,OPTION_DEVIATION_DECIMAL,WARNING_DEVIATION,ERROR_DEVIATION,USERID,DELETE_DATE) values (5000085,5000000,1103,'Y','N','N','N','N','N',null,null,'test',null);
Insert into PA_MATCHING_LEVEL_T (SEQ_NO_ML,SEQ_NO_PARAMSRC,SEQ_NO_MF,OPTION_NO,OPTION_EXISTS,OPTION_EXACT_MATCH,OPTION_NUMERIC_MATCH,OPTION_DEVIATION_PERCENT,OPTION_DEVIATION_DECIMAL,WARNING_DEVIATION,ERROR_DEVIATION,USERID,DELETE_DATE) values (5000086,5000000,1104,'Y','N','N','N','N','N',null,null,'test',null);
Insert into PA_MATCHING_LEVEL_T (SEQ_NO_ML,SEQ_NO_PARAMSRC,SEQ_NO_MF,OPTION_NO,OPTION_EXISTS,OPTION_EXACT_MATCH,OPTION_NUMERIC_MATCH,OPTION_DEVIATION_PERCENT,OPTION_DEVIATION_DECIMAL,WARNING_DEVIATION,ERROR_DEVIATION,USERID,DELETE_DATE) values (5000087,5000000,1105,'Y','N','N','N','N','N',null,null,'test',null);
Insert into PA_MATCHING_LEVEL_T (SEQ_NO_ML,SEQ_NO_PARAMSRC,SEQ_NO_MF,OPTION_NO,OPTION_EXISTS,OPTION_EXACT_MATCH,OPTION_NUMERIC_MATCH,OPTION_DEVIATION_PERCENT,OPTION_DEVIATION_DECIMAL,WARNING_DEVIATION,ERROR_DEVIATION,USERID,DELETE_DATE) values (5000088,5000000,1106,'Y','N','N','N','N','N',null,null,'test',null);
Insert into PA_MATCHING_LEVEL_T (SEQ_NO_ML,SEQ_NO_PARAMSRC,SEQ_NO_MF,OPTION_NO,OPTION_EXISTS,OPTION_EXACT_MATCH,OPTION_NUMERIC_MATCH,OPTION_DEVIATION_PERCENT,OPTION_DEVIATION_DECIMAL,WARNING_DEVIATION,ERROR_DEVIATION,USERID,DELETE_DATE) values (5000089,5000000,1107,'Y','N','N','N','N','N',null,null,'test',null);
Insert into PA_MATCHING_LEVEL_T (SEQ_NO_ML,SEQ_NO_PARAMSRC,SEQ_NO_MF,OPTION_NO,OPTION_EXISTS,OPTION_EXACT_MATCH,OPTION_NUMERIC_MATCH,OPTION_DEVIATION_PERCENT,OPTION_DEVIATION_DECIMAL,WARNING_DEVIATION,ERROR_DEVIATION,USERID,DELETE_DATE) values (5000090,5000000,1108,'Y','N','N','N','N','N',null,null,'test',null);
Insert into PA_MATCHING_LEVEL_T (SEQ_NO_ML,SEQ_NO_PARAMSRC,SEQ_NO_MF,OPTION_NO,OPTION_EXISTS,OPTION_EXACT_MATCH,OPTION_NUMERIC_MATCH,OPTION_DEVIATION_PERCENT,OPTION_DEVIATION_DECIMAL,WARNING_DEVIATION,ERROR_DEVIATION,USERID,DELETE_DATE) values (5000091,5000000,1109,'Y','N','N','N','N','N',null,null,'test',null);
Insert into PA_MATCHING_LEVEL_T (SEQ_NO_ML,SEQ_NO_PARAMSRC,SEQ_NO_MF,OPTION_NO,OPTION_EXISTS,OPTION_EXACT_MATCH,OPTION_NUMERIC_MATCH,OPTION_DEVIATION_PERCENT,OPTION_DEVIATION_DECIMAL,WARNING_DEVIATION,ERROR_DEVIATION,USERID,DELETE_DATE) values (5000092,5000000,1110,'Y','N','N','N','N','N',null,null,'test',null);
Insert into PA_MATCHING_LEVEL_T (SEQ_NO_ML,SEQ_NO_PARAMSRC,SEQ_NO_MF,OPTION_NO,OPTION_EXISTS,OPTION_EXACT_MATCH,OPTION_NUMERIC_MATCH,OPTION_DEVIATION_PERCENT,OPTION_DEVIATION_DECIMAL,WARNING_DEVIATION,ERROR_DEVIATION,USERID,DELETE_DATE) values (5000093,5000000,1111,'Y','N','N','N','N','N',null,null,'test',null);
Insert into PA_MATCHING_LEVEL_T (SEQ_NO_ML,SEQ_NO_PARAMSRC,SEQ_NO_MF,OPTION_NO,OPTION_EXISTS,OPTION_EXACT_MATCH,OPTION_NUMERIC_MATCH,OPTION_DEVIATION_PERCENT,OPTION_DEVIATION_DECIMAL,WARNING_DEVIATION,ERROR_DEVIATION,USERID,DELETE_DATE) values (5000094,5000000,1112,'Y','N','N','N','N','N',null,null,'test',null);
Insert into PA_MATCHING_LEVEL_T (SEQ_NO_ML,SEQ_NO_PARAMSRC,SEQ_NO_MF,OPTION_NO,OPTION_EXISTS,OPTION_EXACT_MATCH,OPTION_NUMERIC_MATCH,OPTION_DEVIATION_PERCENT,OPTION_DEVIATION_DECIMAL,WARNING_DEVIATION,ERROR_DEVIATION,USERID,DELETE_DATE) values (5000095,5000000,1113,'Y','N','N','N','N','N',null,null,'test',null);
Insert into PA_MATCHING_LEVEL_T (SEQ_NO_ML,SEQ_NO_PARAMSRC,SEQ_NO_MF,OPTION_NO,OPTION_EXISTS,OPTION_EXACT_MATCH,OPTION_NUMERIC_MATCH,OPTION_DEVIATION_PERCENT,OPTION_DEVIATION_DECIMAL,WARNING_DEVIATION,ERROR_DEVIATION,USERID,DELETE_DATE) values (5000096,5000000,1114,'Y','N','N','N','N','N',null,null,'test',null);
Insert into PA_MATCHING_LEVEL_T (SEQ_NO_ML,SEQ_NO_PARAMSRC,SEQ_NO_MF,OPTION_NO,OPTION_EXISTS,OPTION_EXACT_MATCH,OPTION_NUMERIC_MATCH,OPTION_DEVIATION_PERCENT,OPTION_DEVIATION_DECIMAL,WARNING_DEVIATION,ERROR_DEVIATION,USERID,DELETE_DATE) values (5000097,5000000,1115,'Y','N','N','N','N','N',null,null,'test',null);
Insert into PA_MATCHING_LEVEL_T (SEQ_NO_ML,SEQ_NO_PARAMSRC,SEQ_NO_MF,OPTION_NO,OPTION_EXISTS,OPTION_EXACT_MATCH,OPTION_NUMERIC_MATCH,OPTION_DEVIATION_PERCENT,OPTION_DEVIATION_DECIMAL,WARNING_DEVIATION,ERROR_DEVIATION,USERID,DELETE_DATE) values (5000098,5000000,1116,'Y','N','N','N','N','N',null,null,'test',null);
Insert into PA_MATCHING_LEVEL_T (SEQ_NO_ML,SEQ_NO_PARAMSRC,SEQ_NO_MF,OPTION_NO,OPTION_EXISTS,OPTION_EXACT_MATCH,OPTION_NUMERIC_MATCH,OPTION_DEVIATION_PERCENT,OPTION_DEVIATION_DECIMAL,WARNING_DEVIATION,ERROR_DEVIATION,USERID,DELETE_DATE) values (5000099,5000000,1117,'Y','N','N','N','N','N',null,null,'test',null);
update pa_system_config_t set service_configuration='both' where seq_no_paramsrc = (select seq_no_paramsrc from param_source_system_t where seq_no_param=(select seq_no_param from param_t where name='SystemConfiguration') and seq_no_srcsys = (select seq_no_srcsys from tim_source_system_t where id='ICI001'));
update pa_system_config_t set consolidation_treatment='parallel' where seq_no_paramsrc = (select seq_no_paramsrc from param_source_system_t where seq_no_param=(select seq_no_param from param_t where name='SystemConfiguration') and seq_no_srcsys = (select seq_no_srcsys from tim_source_system_t where id='ICI001'));
Insert into IC_TAX_CODE_T (SEQ_NO_ITC,SEQ_NO_UNSP,TAX_CODE,CTY_CODE,STA_CODE,DEFAULT_FLAG,USERID,DELETE_DATE) values (5000000,1021,'2','DE','*','Y','al.dus1',null);
Insert into IC_TAX_CODE_T (SEQ_NO_ITC,SEQ_NO_UNSP,TAX_CODE,CTY_CODE,STA_CODE,DEFAULT_FLAG,USERID,DELETE_DATE) values (5000001,1021,'2','GB','*','Y','test',null);
update pa_system_config_t set consolidation_treatment='parallel', taxtrate_treatment='parallel' where seq_no_paramsrc = (select seq_no_paramsrc from param_source_system_t where seq_no_param=(select seq_no_param from param_t where name='SystemConfiguration') and seq_no_srcsys = (select seq_no_srcsys from tim_source_system_t where id='COMPASS001'));
update param_source_system_t set valid_from=to_date('01-SEP-14','DD-MON-RR') where seq_no_paramsrc='1103';
